Time,10,11,12,13,14,15,16,17,18,19,20,21,22,23,24,25,26,27,28,29,30,31,32,33,34,35,36,37,38,39,40,41,42,43,44,45,46,47,48,49,50,51,52,53,54,55,56,57,58,59,60,61,62,63,64,65,66,67,68,69,70,71,72,73,74,75,76,77,78,79,80,81,82,83,84,85,86,87,88,89,90,91,92,93,94,95,96,97,98,99,100,101,102,103,104,105,106,107,108,109,110,111,112,113,114,115,116,117,118,119,120,121,122,123,124,125,126,127,128,129,130,131,132,133,134,135,136,137,138,139,140,141,142,143,144,145,146,147,148,149,150,151,152,153,154,155,156,157,158,159,160,161,162,163,164,165,166,167,168,169,170,171,172,173,174,175,176,177,178,179,180,181,182,183,184,185,186,187,188,189,190,191,192,193,194,195,196,197,198,199,200,201,202,203,204,205,206,207,208,209,210,211,212,213,214,215,216,217,218,219,220,221,222,223,224,225,226,227,228,229,230,231,232,233,234,235,236,237,238,239,240,241,242,243,244,245,246,247,248,249,250,251,252,253,254,255,256,257,258,259,260,261,262,263,264,265,266,267,268,269,270,271,272,273,274,275,276,277,278,279,280,281,282,283,284,285,286,287,288,289,290,291,292,293,294,295,296,297,298,299,300,301,302,303,304,305,306,307,308,309,310,311,312,313,314,315,316,317,318,319,320,321,322,323,324,325,326,327,328,329,330,331,332,333,334,335,336,337,338,339,340,341,342,343,344,345,346,347,348,349,350,351,352,353,354,355,356,357,358,359,360,361,362,363,364,365,366,367,368,369,370,371,372,373,374,375,376,377,378,379,380,381,382,383,384,385,386,387,388,389,390,391,392,393,394,395,396,397,398,399,400,401,402,403,404,405,406,407,408,409,410,411,412,413,414,415,416,417,418,419,420,421,422,423,424,425,426,427,428,429,430,431,432,433,434,435,436,437,438,439,440,441,442,443,444,445,446,447,448,449,450,451,452,453,454,455,456,457,458,459,460,461,462,463,464,465,466,467,468,469,470,471,472,473,474,475,476,477,478,479,480,481,482,483,484,485,486,487,488,489,490,491,492,493,494,495,496,497,498,499,500,501,502,503,504,505,506,507,508,509
Firm 0 Demand,99.0,99.8,99.3,99.3,99.1,99.7,100.3,100.2,99.3,99.5,100.1,99.7,98.9,98.9,99.3,99.6,99.7,100.1,99.3,99.6,99.1,99.7,99.6,100.0,99.4,100.2,99.3,99.2,99.1,99.0,99.6,99.3,99.6,99.5,99.6,99.7,100.0,100.0,100.2,99.6,99.9,99.3,100.2,100.0,100.0,99.1,99.7,99.0,99.6,99.8,99.9,99.1,99.5,98.7,99.5,99.3,99.1,99.9,99.3,99.2,99.7,99.4,100.1,98.9,99.7,99.6,99.8,99.2,99.8,99.3,99.4,99.4,99.8,98.9,99.3,99.5,99.9,99.3,99.1,99.8,100.3,99.6,99.1,99.3,99.1,99.7,100.1,99.0,98.9,99.7,99.5,99.7,99.8,99.2,98.9,99.6,99.4,99.9,98.9,100.1,99.0,99.9,99.4,99.2,99.7,100.1,99.0,99.9,99.3,100.1,99.4,99.6,99.7,100.3,99.7,99.4,99.8,99.2,99.4,99.7,99.6,99.0,100.4,99.7,99.2,99.7,99.4,99.7,99.8,99.8,99.7,100.3,99.1,99.5,98.7,99.8,99.6,99.7,99.6,98.8,99.8,99.7,98.9,99.2,99.6,99.3,99.9,99.5,99.5,98.8,99.4,99.2,99.5,99.2,99.5,99.2,99.1,100.0,100.5,99.9,99.4,99.5,99.3,99.3,98.7,99.5,98.7,98.9,99.4,99.3,99.3,99.7,99.1,98.5,99.5,99.6,99.8,99.5,99.8,99.6,99.4,99.1,99.7,99.5,99.6,99.4,99.6,99.4,99.7,99.6,99.2,99.6,100.1,99.3,99.4,99.4,100.1,99.9,100.2,99.0,99.2,99.5,100.1,99.5,100.0,100.4,99.6,99.4,99.8,99.4,100.3,99.1,99.6,98.9,99.6,100.0,99.6,100.0,99.7,99.5,99.8,99.2,99.6,99.2,99.5,99.0,99.8,98.6,99.3,99.2,99.8,99.2,99.6,99.8,99.3,99.7,99.5,99.6,99.8,99.7,99.6,100.0,99.2,99.2,99.4,99.4,98.9,99.2,100.1,98.8,100.0,99.9,99.3,99.4,99.9,99.7,99.5,99.5,99.6,99.5,99.6,99.8,99.8,100.2,99.2,98.7,99.2,100.2,99.7,99.6,99.0,99.4,99.1,98.9,99.3,99.6,98.9,99.2,99.2,99.3,99.2,98.9,99.7,99.2,99.1,99.6,99.5,99.4,99.5,99.4,99.0,99.1,99.1,99.7,99.3,99.6,99.8,99.0,99.2,99.4,99.0,99.4,99.2,99.6,99.9,99.4,100.3,99.8,99.9,99.6,99.6,99.5,99.4,99.2,99.8,98.9,99.7,99.6,99.7,99.1,99.9,99.4,99.7,99.4,99.6,99.3,99.7,99.6,99.2,99.5,99.7,99.3,100.0,98.5,100.1,99.9,99.2,99.1,100.2,99.7,99.7,99.9,99.0,99.8,99.6,99.3,99.8,99.5,99.6,99.7,99.2,99.9,99.7,99.6,100.4,99.0,99.6,99.7,100.2,99.4,99.6,100.0,99.3,99.6,99.2,99.0,99.3,99.2,99.2,99.6,99.9,99.8,99.1,99.5,99.5,99.4,99.5,99.6,99.8,99.8,99.9,99.5,99.6,99.5,99.4,99.6,99.4,100.1,98.8,99.6,99.7,98.6,99.6,99.5,99.1,99.6,99.3,100.4,99.6,99.6,100.3,99.6,99.4,99.0,99.7,99.8,99.2,99.6,99.6,99.9,99.5,99.0,99.2,99.5,99.1,100.0,99.6,99.1,99.3,99.1,99.4,99.5,99.7,99.2,100.2,98.8,98.7,99.1,99.6,99.5,99.0,99.0,99.6,99.8,99.6,100.0,99.6,99.4,99.3,99.5,99.2,99.9,99.7,99.8,99.1,99.5,98.9,99.7,99.6,99.7,99.3,99.5,100.1,99.3,99.5,99.6,99.2,99.1,99.4,99.3,99.3,99.5,99.6,100.0,99.5,100.1,99.3,99.3,99.8,99.1,99.5,99.3,99.4,99.4,99.4,99.6,99.4,99.0,99.4,99.6,98.8,99.9,99.5,100.2,99.6,99.5,99.8,99.5,100.0,99.7,99.1,99.0,99.5,99.6,99.8,99.8,99.7,99.4,100.2,99.2
Firm 1 Demand,97.4,99.7,99.1,99.2,99.1,99.7,100.7,100.6,98.7,98.9,100.4,99.3,98.2,98.7,99.2,100.3,100.6,100.6,98.8,100.1,98.7,99.5,99.3,100.5,99.7,101.7,99.8,99.0,99.2,99.0,100.2,99.3,100.1,99.5,100.6,99.2,100.8,100.7,101.1,99.9,99.9,99.1,101.0,101.2,101.3,98.6,100.2,98.8,99.7,100.4,100.1,99.1,100.2,98.4,100.8,98.9,98.9,100.6,99.5,99.2,99.5,99.3,100.4,98.4,100.0,100.0,100.5,99.0,100.0,99.7,99.4,99.8,99.6,98.6,99.6,99.7,100.5,99.6,99.0,100.5,100.7,99.6,98.7,99.6,99.0,100.4,101.4,98.7,98.9,100.1,99.8,100.1,99.7,99.0,98.8,100.4,99.1,100.1,98.2,100.8,98.7,100.5,99.0,99.3,100.5,101.5,98.3,100.2,99.4,100.2,99.2,99.7,99.5,101.1,100.2,98.8,100.5,98.5,99.4,99.8,99.4,99.0,101.9,99.4,98.4,100.9,99.0,100.0,100.3,100.0,99.6,101.9,98.1,99.7,98.5,100.3,100.2,101.0,99.9,99.2,100.2,99.3,98.6,98.7,100.4,99.5,100.6,99.7,98.7,98.3,100.2,99.1,100.5,99.1,100.4,99.2,100.8,99.5,102.3,100.0,99.3,99.4,98.9,99.6,98.6,99.4,99.0,99.3,99.7,99.4,99.2,99.9,98.7,98.4,99.9,100.1,100.2,99.7,100.2,99.9,100.1,99.0,99.7,99.7,100.0,99.4,99.9,99.7,100.1,100.2,99.0,99.8,100.5,99.4,98.9,99.4,100.5,100.4,100.6,98.5,99.6,102.2,99.7,100.0,100.1,101.5,99.5,100.2,99.5,99.3,101.1,99.4,99.8,98.5,100.0,100.8,99.2,101.0,99.4,99.4,100.0,98.8,99.5,99.3,100.3,98.7,100.5,97.9,99.6,99.4,99.8,99.2,99.4,100.1,100.3,100.0,99.3,101.1,100.1,101.0,99.4,100.3,98.9,100.5,99.4,100.4,99.3,99.8,100.7,98.3,100.7,100.8,99.0,99.3,100.7,99.5,99.0,99.8,99.4,100.2,99.9,100.3,99.8,101.1,99.2,98.1,99.8,101.1,99.6,99.5,98.8,100.7,98.9,98.8,99.0,100.1,99.2,99.6,98.9,99.0,99.4,98.4,101.1,99.0,99.2,99.7,99.9,99.1,99.5,99.6,98.1,99.6,98.9,99.7,99.7,100.3,100.3,99.0,99.2,99.4,98.8,99.4,99.5,100.1,101.1,100.1,100.7,99.8,100.2,99.4,100.0,99.2,99.7,99.1,99.9,98.6,100.3,99.5,99.6,98.8,100.4,99.9,100.6,99.0,99.7,99.8,100.2,99.5,98.8,99.8,99.9,99.0,100.9,97.9,100.4,100.5,99.1,98.9,100.8,99.7,99.4,100.4,98.2,100.3,99.8,99.4,99.9,99.9,99.5,99.8,98.8,99.9,100.4,100.2,100.9,99.7,98.9,99.7,101.0,98.8,99.5,101.1,98.9,100.6,98.8,98.6,100.4,99.2,99.2,100.0,100.5,99.9,98.4,100.1,99.3,100.8,99.6,99.9,100.1,100.3,101.0,99.5,99.8,100.0,99.9,99.8,99.1,101.0,98.1,100.1,99.9,98.3,99.9,100.2,98.9,99.8,99.6,100.9,99.6,99.7,100.3,99.2,99.4,98.8,100.4,99.9,99.9,99.7,100.4,100.4,99.3,98.2,98.6,100.2,99.0,100.4,99.8,98.9,99.3,99.1,99.0,99.5,100.1,99.0,101.2,98.5,98.1,100.6,99.3,101.1,98.9,99.6,99.7,101.0,99.7,99.8,99.6,99.3,99.3,99.3,99.0,100.3,100.1,100.1,98.7,99.5,98.4,100.2,99.7,99.7,99.4,99.5,101.1,99.0,99.9,99.7,99.5,99.0,99.6,99.2,100.5,100.0,99.9,100.3,99.7,100.3,98.5,99.0,100.2,98.9,100.0,99.7,99.8,99.3,100.1,99.3,99.2,99.0,99.4,100.0,98.5,100.5,99.2,101.3,100.1,99.3,100.8,99.5,101.0,99.2,99.2,98.8,100.4,99.2,100.0,99.8,99.8,99.6,100.4,98.5
Firm 2 Demand,47.4,49.9,49.5,49.8,49.7,50.5,50.7,50.9,49.3,48.6,51.0,49.5,49.5,49.7,51.2,51.1,51.8,51.0,49.9,50.8,49.1,49.7,50.2,51.8,51.4,52.4,50.6,50.1,49.9,49.4,50.5,49.9,51.2,50.3,52.3,50.2,50.6,50.3,51.2,50.7,50.4,50.6,52.1,51.4,51.5,49.6,50.9,50.3,50.0,50.5,51.0,50.0,51.5,49.4,50.8,50.2,49.7,50.7,50.4,49.7,50.1,50.4,51.1,50.0,50.4,50.7,51.4,50.4,49.9,50.5,49.7,50.9,50.0,50.0,50.7,51.0,50.9,50.9,49.5,50.9,51.3,50.8,49.5,50.0,50.7,50.7,51.5,48.9,50.2,50.7,50.7,50.6,51.3,49.6,50.0,51.5,49.5,50.3,49.6,51.5,49.5,52.2,49.7,50.0,50.7,52.4,49.0,50.9,50.1,50.8,49.9,50.3,49.6,51.6,51.7,49.5,51.3,49.2,50.1,50.0,50.2,49.7,52.7,50.6,49.5,51.5,50.2,50.4,50.7,51.1,49.3,53.6,48.4,50.5,49.8,51.6,50.9,51.8,50.6,50.7,51.7,49.6,49.0,49.5,51.1,50.7,51.9,51.4,50.4,48.9,51.0,48.7,51.7,49.4,52.3,49.8,52.7,48.9,52.4,50.2,50.0,50.2,50.5,50.4,49.9,50.8,49.9,51.2,50.2,50.0,49.4,50.7,49.1,50.1,50.3,50.5,51.0,50.6,51.5,50.9,50.5,49.3,50.1,50.6,50.9,50.3,50.9,51.7,50.9,51.2,49.6,50.4,50.6,50.3,49.3,50.5,51.3,51.8,51.5,49.5,49.9,51.9,49.6,50.4,50.3,52.5,49.9,51.3,49.4,50.7,51.5,49.5,50.0,50.0,50.9,51.5,49.5,51.6,49.9,50.4,49.9,50.0,49.6,50.2,51.3,50.4,51.9,48.6,50.3,50.5,50.5,50.4,51.1,51.0,51.4,51.8,48.8,51.7,49.7,52.2,49.7,52.2,49.1,52.2,49.9,51.9,50.3,50.7,51.3,49.6,50.7,51.3,50.9,49.6,51.6,49.7,50.6,50.8,49.9,50.9,50.6,50.9,50.0,51.9,50.1,49.1,50.2,52.4,50.4,51.1,49.4,51.1,49.4,49.7,49.2,51.2,50.0,50.4,50.4,50.7,51.3,48.5,51.5,49.4,49.9,50.2,50.5,49.8,50.5,50.8,48.8,50.8,49.4,50.1,50.6,51.7,50.4,50.5,50.3,50.3,50.3,49.6,50.3,50.5,52.2,50.6,51.6,49.8,51.3,50.1,50.2,49.9,50.6,50.1,50.1,49.3,50.7,50.6,50.5,50.4,51.0,51.3,51.4,49.6,50.7,50.9,50.7,50.0,50.5,50.4,51.7,49.9,51.4,49.1,51.0,51.2,49.6,49.5,51.3,50.3,49.8,51.6,48.8,51.2,50.2,49.9,49.7,51.3,50.0,50.8,50.0,51.1,50.8,51.4,50.6,50.2,50.0,50.7,51.2,49.9,50.0,52.0,49.8,51.0,50.0,48.9,50.8,50.2,49.2,51.4,50.6,51.5,48.9,51.2,49.4,51.5,49.7,50.3,51.6,51.2,51.6,49.9,50.8,50.1,50.7,50.1,49.8,51.7,49.0,51.5,49.9,49.7,49.9,50.7,49.2,50.9,50.3,51.2,49.8,50.7,50.3,50.0,49.9,49.2,51.7,50.3,51.7,49.4,51.4,50.5,49.8,48.7,49.1,51.3,49.8,51.9,50.7,51.0,49.8,50.4,49.1,50.1,51.1,50.1,52.2,50.9,48.8,52.3,49.6,51.5,49.4,50.7,50.3,51.4,49.8,50.1,50.6,49.9,50.5,49.4,50.1,50.8,51.4,50.9,49.7,49.9,49.5,50.7,50.0,50.4,50.8,51.8,51.6,49.9,50.6,50.1,50.3,49.7,51.0,49.4,51.4,50.4,50.6,50.3,50.3,50.6,48.8,50.0,50.5,50.4,50.5,51.3,51.1,50.0,50.7,49.6,49.7,49.8,50.3,50.8,50.0,51.5,50.2,52.3,51.3,49.8,51.0,49.7,51.3,49.6,50.3,49.5,51.7,49.8,50.4,50.7,50.7,50.6,50.8,49.2
Firm 3 Demand,47.4,49.9,49.5,49.8,49.7,50.5,50.7,50.9,49.3,48.6,51.0,49.5,49.5,49.7,51.2,51.1,51.8,51.0,49.9,50.8,49.1,49.7,50.2,51.8,51.4,52.4,50.6,50.1,49.9,49.4,50.5,49.9,51.2,50.3,52.3,50.2,50.6,50.3,51.2,50.7,50.4,50.6,52.1,51.4,51.5,49.6,50.9,50.3,50.0,50.5,51.0,50.0,51.5,49.4,50.8,50.2,49.7,50.7,50.4,49.7,50.1,50.4,51.1,50.0,50.4,50.7,51.4,50.4,49.9,50.5,49.7,50.9,50.0,50.0,50.7,51.0,50.9,50.9,49.5,50.9,51.3,50.8,49.5,50.0,50.7,50.7,51.5,48.9,50.2,50.7,50.7,50.6,51.3,49.6,50.0,51.5,49.5,50.3,49.6,51.5,49.5,52.2,49.7,50.0,50.7,52.4,49.0,50.9,50.1,50.8,49.9,50.3,49.6,51.6,51.7,49.5,51.3,49.2,50.1,50.0,50.2,49.7,52.7,50.6,49.5,51.5,50.2,50.4,50.7,51.1,49.3,53.6,48.4,50.5,49.8,51.6,50.9,51.8,50.6,50.7,51.7,49.6,49.0,49.5,51.1,50.7,51.9,51.4,50.4,48.9,51.0,48.7,51.7,49.4,52.3,49.8,52.7,48.9,52.4,50.2,50.0,50.2,50.5,50.4,49.9,50.8,49.9,51.2,50.2,50.0,49.4,50.7,49.1,50.1,50.3,50.5,51.0,50.6,51.5,50.9,50.5,49.3,50.1,50.6,50.9,50.3,50.9,51.7,50.9,51.2,49.6,50.4,50.6,50.3,49.3,50.5,51.3,51.8,51.5,49.5,49.9,51.9,49.6,50.4,50.3,52.5,49.9,51.3,49.4,50.7,51.5,49.5,50.0,50.0,50.9,51.5,49.5,51.6,49.9,50.4,49.9,50.0,49.6,50.2,51.3,50.4,51.9,48.6,50.3,50.5,50.5,50.4,51.1,51.0,51.4,51.8,48.8,51.7,49.7,52.2,49.7,52.2,49.1,52.2,49.9,51.9,50.3,50.7,51.3,49.6,50.7,51.3,50.9,49.6,51.6,49.7,50.6,50.8,49.9,50.9,50.6,50.9,50.0,51.9,50.1,49.1,50.2,52.4,50.4,51.1,49.4,51.1,49.4,49.7,49.2,51.2,50.0,50.4,50.4,50.7,51.3,48.5,51.5,49.4,49.9,50.2,50.5,49.8,50.5,50.8,48.8,50.8,49.4,50.1,50.6,51.7,50.4,50.5,50.3,50.3,50.3,49.6,50.3,50.5,52.2,50.6,51.6,49.8,51.3,50.1,50.2,49.9,50.6,50.1,50.1,49.3,50.7,50.6,50.5,50.4,51.0,51.3,51.4,49.6,50.7,50.9,50.7,50.0,50.5,50.4,51.7,49.9,51.4,49.1,51.0,51.2,49.6,49.5,51.3,50.3,49.8,51.6,48.8,51.2,50.2,49.9,49.7,51.3,50.0,50.8,50.0,51.1,50.8,51.4,50.6,50.2,50.0,50.7,51.2,49.9,50.0,52.0,49.8,51.0,50.0,48.9,50.8,50.2,49.2,51.4,50.6,51.5,48.9,51.2,49.4,51.5,49.7,50.3,51.6,51.2,51.6,49.9,50.8,50.1,50.7,50.1,49.8,51.7,49.0,51.5,49.9,49.7,49.9,50.7,49.2,50.9,50.3,51.2,49.8,50.7,50.3,50.0,49.9,49.2,51.7,50.3,51.7,49.4,51.4,50.5,49.8,48.7,49.1,51.3,49.8,51.9,50.7,51.0,49.8,50.4,49.1,50.1,51.1,50.1,52.2,50.9,48.8,52.3,49.6,51.5,49.4,50.7,50.3,51.4,49.8,50.1,50.6,49.9,50.5,49.4,50.1,50.8,51.4,50.9,49.7,49.9,49.5,50.7,50.0,50.4,50.8,51.8,51.6,49.9,50.6,50.1,50.3,49.7,51.0,49.4,51.4,50.4,50.6,50.3,50.3,50.6,48.8,50.0,50.5,50.4,50.5,51.3,51.1,50.0,50.7,49.6,49.7,49.8,50.3,50.8,50.0,51.5,50.2,52.3,51.3,49.8,51.0,49.7,51.3,49.6,50.3,49.5,51.7,49.8,50.4,50.7,50.7,50.6,50.8,49.2
Firm 4 Demand,91.6,101.0,98.2,100.3,98.9,101.5,101.5,102.2,97.8,93.0,104.1,96.4,103.4,96.5,105.1,103.1,106.3,99.3,97.4,103.1,96.2,100.7,100.6,105.4,104.7,108.5,97.7,97.3,98.8,96.6,102.3,101.2,105.0,101.5,107.3,98.1,100.7,97.3,102.1,102.9,101.6,101.1,104.6,105.1,102.7,97.4,100.5,100.6,101.0,100.3,102.2,99.2,105.2,99.5,100.3,100.1,98.2,100.7,101.1,100.0,98.7,103.1,102.6,100.5,100.1,100.9,102.6,101.7,98.1,101.1,99.2,103.7,99.2,101.4,100.6,103.9,101.9,101.8,97.3,103.0,103.1,99.8,101.4,98.2,102.8,101.2,105.1,94.4,101.9,101.7,104.0,97.9,102.3,99.0,100.6,103.3,97.6,99.5,98.2,107.8,96.6,106.3,95.8,100.7,101.1,106.6,95.2,103.2,99.4,103.3,100.8,99.3,98.7,102.9,108.1,98.3,102.7,96.0,101.9,97.6,101.8,98.1,108.4,101.9,99.9,102.5,97.6,101.9,98.5,106.3,94.2,113.4,92.6,103.0,97.6,102.7,100.9,104.5,100.9,99.3,107.2,95.2,97.7,98.0,103.5,103.5,106.5,101.6,99.9,96.0,100.9,93.9,106.4,96.5,110.1,97.8,109.8,92.5,104.9,98.6,100.1,100.8,100.9,104.5,99.3,104.4,95.8,105.7,98.2,101.3,95.6,103.4,96.0,100.4,101.3,101.1,104.6,99.5,102.2,99.0,103.0,96.3,99.9,101.2,103.8,103.1,101.5,104.8,100.5,102.7,94.8,100.2,100.9,102.7,98.3,102.6,104.0,105.7,102.6,95.0,98.0,105.4,97.7,101.8,100.1,108.4,99.5,104.5,94.8,101.3,103.9,98.6,99.0,100.9,103.9,104.1,98.8,103.1,97.8,102.0,96.7,100.4,99.6,102.8,103.1,99.6,106.5,93.1,100.3,100.7,102.0,100.2,103.4,103.4,102.4,105.9,91.3,105.2,96.9,110.1,97.7,108.9,94.3,107.3,96.9,103.1,100.9,102.3,102.7,98.1,104.3,98.3,105.6,96.3,107.4,96.3,102.7,101.4,99.2,102.8,100.2,103.5,97.8,104.6,96.1,99.4,98.9,108.2,98.5,103.4,96.8,103.2,97.9,98.9,95.6,104.8,104.4,101.4,101.5,98.7,104.5,93.4,104.3,97.1,102.8,100.4,102.9,99.6,101.8,102.7,94.3,103.6,97.3,102.3,99.7,105.8,99.4,102.1,100.1,97.2,101.1,98.6,102.4,99.8,108.7,98.8,104.5,96.3,102.3,99.4,99.6,99.5,101.7,102.5,100.0,99.8,99.0,102.7,99.8,101.1,98.8,102.6,103.9,98.0,101.3,101.8,105.0,96.9,103.7,98.7,106.2,101.3,102.6,96.2,103.7,101.8,98.1,97.4,104.4,102.8,99.4,103.9,93.9,104.5,99.6,100.8,96.4,104.3,99.0,102.6,100.5,101.0,101.5,102.9,102.1,99.5,99.3,101.9,101.8,100.4,99.3,104.1,100.9,100.8,98.3,96.5,102.1,101.3,96.2,105.7,100.5,106.1,94.4,102.0,95.0,105.9,99.5,99.8,104.8,102.6,106.1,94.7,102.2,98.0,104.2,98.9,99.6,106.0,97.0,106.7,95.3,100.3,98.5,104.5,96.2,104.2,100.5,102.1,100.0,101.5,99.4,99.6,101.7,95.0,107.4,97.9,108.1,94.0,104.7,99.4,100.4,96.4,96.2,107.0,99.5,110.1,96.3,104.3,96.2,102.1,95.5,99.8,104.3,101.9,106.2,100.9,95.3,104.4,97.0,103.5,98.4,101.7,99.9,106.0,99.8,98.4,103.0,97.5,103.1,96.1,102.6,101.1,105.0,99.7,99.2,98.9,97.9,102.3,99.3,103.1,99.8,106.4,102.0,97.7,99.6,98.8,102.5,97.1,104.7,97.2,107.7,99.4,100.6,99.3,100.2,102.2,95.0,101.9,99.1,105.1,99.8,102.7,101.6,100.0,101.8,94.9,100.5,98.8,103.3,101.2,101.8,102.1,100.1,105.5,101.1,98.1,101.7,98.4,104.3,98.2,102.8,98.6,106.3,100.1,99.8,100.7,100.7,102.2,101.4,97.3
Firm 0 CostMoney,23694.399999999998,23694.399999999998,23694.399999999998,23694.399999999998,23694.399999999998,23694.399999999998,23694.399999999998,23694.399999999998,23694.399999999998,23694.399999999998,23694.399999999998,23694.399999999998,23694.399999999998,23694.399999999998,23694.399999999998,23694.399999999998,23694.399999999998,23694.399999999998,23694.399999999998,23694.399999999998,23694.399999999998,23694.399999999998,23694.399999999998,23694.399999999998,23694.399999999998,23694.399999999998,23694.399999999998,23694.399999999998,23694.399999999998,23694.399999999998,23694.399999999998,23694.399999999998,23694.399999999998,23694.399999999998,23694.399999999998,23694.399999999998,23694.399999999998,23694.399999999998,23694.399999999998,23694.399999999998,23694.399999999998,23694.399999999998,23694.399999999998,23694.399999999998,23694.399999999998,23694.399999999998,23694.399999999998,23694.399999999998,23694.399999999998,23694.399999999998,23694.399999999998,23694.399999999998,23694.399999999998,23694.399999999998,23694.399999999998,23694.399999999998,23694.399999999998,23694.399999999998,23694.399999999998,23694.399999999998,23694.399999999998,23694.399999999998,23694.399999999998,23694.399999999998,23694.399999999998,23694.399999999998,23694.399999999998,23694.399999999998,23694.399999999998,23694.399999999998,23694.399999999998,23694.399999999998,23694.399999999998,23694.399999999998,23694.399999999998,23694.399999999998,23694.399999999998,23694.399999999998,23694.399999999998,23694.399999999998,23694.399999999998,23694.399999999998,23694.399999999998,23694.399999999998,23694.399999999998,23694.399999999998,23694.399999999998,23694.399999999998,23694.399999999998,23694.399999999998,23694.399999999998,23694.399999999998,23694.399999999998,23694.399999999998,23694.399999999998,23694.399999999998,23694.399999999998,23694.399999999998,23694.399999999998,23694.399999999998,23694.399999999998,23694.399999999998,23694.399999999998,23694.399999999998,23694.399999999998,23694.399999999998,23694.399999999998,23694.399999999998,23694.399999999998,23694.399999999998,23694.399999999998,23694.399999999998,23694.399999999998,23694.399999999998,23694.399999999998,23694.399999999998,23694.399999999998,23694.399999999998,23694.399999999998,23694.399999999998,23694.399999999998,23694.399999999998,23694.399999999998,23694.399999999998,23694.399999999998,23694.399999999998,23694.399999999998,23694.399999999998,23694.399999999998,23694.399999999998,23694.399999999998,23694.399999999998,23694.399999999998,23694.399999999998,23694.399999999998,23694.399999999998,23694.399999999998,23694.399999999998,23694.399999999998,23694.399999999998,23694.399999999998,23694.399999999998,23694.399999999998,23694.399999999998,23694.399999999998,23694.399999999998,23694.399999999998,23694.399999999998,23694.399999999998,23694.399999999998,23694.399999999998,23694.399999999998,23694.399999999998,23694.399999999998,23694.399999999998,23694.399999999998,23694.399999999998,23694.399999999998,23694.399999999998,23694.399999999998,23694.399999999998,23694.399999999998,23694.399999999998,23694.399999999998,23694.399999999998,23694.399999999998,23694.399999999998,23694.399999999998,23694.399999999998,23694.399999999998,23694.399999999998,23694.399999999998,23694.399999999998,23694.399999999998,23694.399999999998,23694.399999999998,23694.399999999998,23694.399999999998,23694.399999999998,23694.399999999998,23694.399999999998,23694.399999999998,23694.399999999998,23694.399999999998,23694.399999999998,23694.399999999998,23694.399999999998,23694.399999999998,23694.399999999998,23694.399999999998,23694.399999999998,23694.399999999998,23694.399999999998,23694.399999999998,23694.399999999998,23694.399999999998,23694.399999999998,23694.399999999998,23694.399999999998,23694.399999999998,23694.399999999998,23694.399999999998,23694.399999999998,23694.399999999998,23694.399999999998,23694.399999999998,23694.399999999998,23694.399999999998,23694.399999999998,23694.399999999998,23694.399999999998,23694.399999999998,23694.399999999998,23694.399999999998,23694.399999999998,23694.399999999998,23694.399999999998,23694.399999999998,23694.399999999998,23694.399999999998,23694.399999999998,23694.399999999998,23694.399999999998,23694.399999999998,23694.399999999998,23694.399999999998,23694.399999999998,23694.399999999998,23694.399999999998,23694.399999999998,23694.399999999998,23694.399999999998,23694.399999999998,23694.399999999998,23694.399999999998,23694.399999999998,23694.399999999998,23694.399999999998,23694.399999999998,23694.399999999998,23694.399999999998,23694.399999999998,23694.399999999998,23694.399999999998,23694.399999999998,23694.399999999998,23694.399999999998,23694.399999999998,23694.399999999998,23694.399999999998,23694.399999999998,23694.399999999998,23694.399999999998,23694.399999999998,23694.399999999998,23694.399999999998,23694.399999999998,23694.399999999998,23694.399999999998,23694.399999999998,23694.399999999998,23694.399999999998,23694.399999999998,23694.399999999998,23694.399999999998,23694.399999999998,23694.399999999998,23694.399999999998,23694.399999999998,23694.399999999998,23694.399999999998,23694.399999999998,23694.399999999998,23694.399999999998,23694.399999999998,23694.399999999998,23694.399999999998,23694.399999999998,23694.399999999998,23694.399999999998,23694.399999999998,23694.399999999998,23694.399999999998,23694.399999999998,23694.399999999998,23694.399999999998,23694.399999999998,23694.399999999998,23694.399999999998,23694.399999999998,23694.399999999998,23694.399999999998,23694.399999999998,23694.399999999998,23694.399999999998,23694.399999999998,23694.399999999998,23694.399999999998,23694.399999999998,23694.399999999998,23694.399999999998,23694.399999999998,23694.399999999998,23694.399999999998,23694.399999999998,23694.399999999998,23694.399999999998,23694.399999999998,23694.399999999998,23694.399999999998,23694.399999999998,23694.399999999998,23694.399999999998,23694.399999999998,23694.399999999998,23694.399999999998,23694.399999999998,23694.399999999998,23694.399999999998,23694.399999999998,23694.399999999998,23694.399999999998,23694.399999999998,23694.399999999998,23694.399999999998,23694.399999999998,23694.399999999998,23694.399999999998,23694.399999999998,23694.399999999998,23694.399999999998,23694.399999999998,23694.399999999998,23694.399999999998,23694.399999999998,23694.399999999998,23694.399999999998,23694.399999999998,23694.399999999998,23694.399999999998,23694.399999999998,23694.399999999998,23694.399999999998,23694.399999999998,23694.399999999998,23694.399999999998,23694.399999999998,23694.399999999998,23694.399999999998,23694.399999999998,23694.399999999998,23694.399999999998,23694.399999999998,23694.399999999998,23694.399999999998,23694.399999999998,23694.399999999998,23694.399999999998,23694.399999999998,23694.399999999998,23694.399999999998,23694.399999999998,23694.399999999998,23694.399999999998,23694.399999999998,23694.399999999998,23694.399999999998,23694.399999999998,23694.399999999998,23694.399999999998,23694.399999999998,23694.399999999998,23694.399999999998,23694.399999999998,23694.399999999998,23694.399999999998,23694.399999999998,23694.399999999998,23694.399999999998,23694.399999999998,23694.399999999998,23694.399999999998,23694.399999999998,23694.399999999998,23694.399999999998,23694.399999999998,23694.399999999998,23694.399999999998,23694.399999999998,23694.399999999998,23694.399999999998,23694.399999999998,23694.399999999998,23694.399999999998,23694.399999999998,23694.399999999998,23694.399999999998,23694.399999999998,23694.399999999998,23694.399999999998,23694.399999999998,23694.399999999998,23694.399999999998,23694.399999999998,23694.399999999998,23694.399999999998,23694.399999999998,23694.399999999998,23694.399999999998,23694.399999999998,23694.399999999998,23694.399999999998,23694.399999999998,23694.399999999998,23694.399999999998,23694.399999999998,23694.399999999998,23694.399999999998,23694.399999999998,23694.399999999998,23694.399999999998,23694.399999999998,23694.399999999998,23694.399999999998,23694.399999999998,23694.399999999998,23694.399999999998,23694.399999999998,23694.399999999998,23694.399999999998,23694.399999999998,23694.399999999998,23694.399999999998,23694.399999999998,23694.399999999998,23694.399999999998,23694.399999999998,23694.399999999998,23694.399999999998,23694.399999999998,23694.399999999998,23694.399999999998,23694.399999999998,23694.399999999998,23694.399999999998,23694.399999999998,23694.399999999998,23694.399999999998,23694.399999999998,23694.399999999998,23694.399999999998,23694.399999999998,23694.399999999998,23694.399999999998,23694.399999999998,23694.399999999998,23694.399999999998,23694.399999999998,23694.399999999998,23694.399999999998,23694.399999999998,23694.399999999998,23694.399999999998,23694.399999999998,23694.399999999998,23694.399999999998,23694.399999999998,23694.399999999998,23694.399999999998,23694.399999999998,23694.399999999998,23694.399999999998,23694.399999999998,23694.399999999998,23694.399999999998,23694.399999999998,23694.399999999998,23694.399999999998,23694.399999999998,23694.399999999998,23694.399999999998,23694.399999999998,23694.399999999998,23694.399999999998,23694.399999999998,23694.399999999998,23694.399999999998,23694.399999999998,23694.399999999998,23694.399999999998,23694.399999999998,23694.399999999998,23694.399999999998,23694.399999999998,23694.399999999998,23694.399999999998,23694.399999999998,23694.399999999998,23694.399999999998,23694.399999999998
Firm 1 CostMoney,0.0,0.0,0.0,0.0,0.0,0.0,0.0,0.0,0.0,0.0,0.0,0.0,0.0,0.0,0.0,0.0,0.0,0.0,0.0,0.0,0.0,0.0,0.0,0.0,0.0,0.0,0.0,0.0,0.0,0.0,0.0,0.0,0.0,0.0,0.0,0.0,0.0,0.0,0.0,0.0,0.0,0.0,0.0,0.0,0.0,0.0,0.0,0.0,0.0,0.0,0.0,0.0,0.0,0.0,0.0,0.0,0.0,0.0,0.0,0.0,0.0,0.0,0.0,0.0,0.0,0.0,0.0,0.0,0.0,0.0,0.0,0.0,0.0,0.0,0.0,0.0,0.0,0.0,0.0,0.0,0.0,0.0,0.0,0.0,0.0,0.0,0.0,0.0,0.0,0.0,0.0,0.0,0.0,0.0,0.0,0.0,0.0,0.0,0.0,0.0,0.0,0.0,0.0,0.0,0.0,0.0,0.0,0.0,0.0,0.0,0.0,0.0,0.0,0.0,0.0,0.0,0.0,0.0,0.0,0.0,0.0,0.0,0.0,0.0,0.0,0.0,0.0,0.0,0.0,0.0,0.0,0.0,0.0,0.0,0.0,0.0,0.0,0.0,0.0,0.0,0.0,0.0,0.0,0.0,0.0,0.0,0.0,0.0,0.0,0.0,0.0,0.0,0.0,0.0,0.0,0.0,0.0,0.0,0.0,0.0,0.0,0.0,0.0,0.0,0.0,0.0,0.0,0.0,0.0,0.0,0.0,0.0,0.0,0.0,0.0,0.0,0.0,0.0,0.0,0.0,0.0,0.0,0.0,0.0,0.0,0.0,0.0,0.0,0.0,0.0,0.0,0.0,0.0,0.0,0.0,0.0,0.0,0.0,0.0,0.0,0.0,0.0,0.0,0.0,0.0,0.0,0.0,0.0,0.0,0.0,0.0,0.0,0.0,0.0,0.0,0.0,0.0,0.0,0.0,0.0,0.0,0.0,0.0,0.0,0.0,0.0,0.0,0.0,0.0,0.0,0.0,0.0,0.0,0.0,0.0,0.0,0.0,0.0,0.0,0.0,0.0,0.0,0.0,0.0,0.0,0.0,0.0,0.0,0.0,0.0,0.0,0.0,0.0,0.0,0.0,0.0,0.0,0.0,0.0,0.0,0.0,0.0,0.0,0.0,0.0,0.0,0.0,0.0,0.0,0.0,0.0,0.0,0.0,0.0,0.0,0.0,0.0,0.0,0.0,0.0,0.0,0.0,0.0,0.0,0.0,0.0,0.0,0.0,0.0,0.0,0.0,0.0,0.0,0.0,0.0,0.0,0.0,0.0,0.0,0.0,0.0,0.0,0.0,0.0,0.0,0.0,0.0,0.0,0.0,0.0,0.0,0.0,0.0,0.0,0.0,0.0,0.0,0.0,0.0,0.0,0.0,0.0,0.0,0.0,0.0,0.0,0.0,0.0,0.0,0.0,0.0,0.0,0.0,0.0,0.0,0.0,0.0,0.0,0.0,0.0,0.0,0.0,0.0,0.0,0.0,0.0,0.0,0.0,0.0,0.0,0.0,0.0,0.0,0.0,0.0,0.0,0.0,0.0,0.0,0.0,0.0,0.0,0.0,0.0,0.0,0.0,0.0,0.0,0.0,0.0,0.0,0.0,0.0,0.0,0.0,0.0,0.0,0.0,0.0,0.0,0.0,0.0,0.0,0.0,0.0,0.0,0.0,0.0,0.0,0.0,0.0,0.0,0.0,0.0,0.0,0.0,0.0,0.0,0.0,0.0,0.0,0.0,0.0,0.0,0.0,0.0,0.0,0.0,0.0,0.0,0.0,0.0,0.0,0.0,0.0,0.0,0.0,0.0,0.0,0.0,0.0,0.0,0.0,0.0,0.0,0.0,0.0,0.0,0.0,0.0,0.0,0.0,0.0,0.0,0.0,0.0,0.0,0.0,0.0,0.0,0.0,0.0,0.0,0.0,0.0,0.0,0.0,0.0,0.0,0.0,0.0,0.0,0.0,0.0,0.0,0.0,0.0,0.0,0.0,0.0,0.0,0.0,0.0,0.0,0.0,0.0,0.0,0.0,0.0,0.0,0.0,0.0,0.0,0.0,0.0,0.0,0.0,0.0,0.0,0.0,0.0,0.0,0.0,0.0,0.0,0.0,0.0,0.0,0.0,0.0,0.0,0.0,0.0,0.0,0.0,0.0,0.0,0.0,0.0,0.0
Firm 2 CostMoney,0.0,0.0,0.0,0.0,0.0,0.0,0.0,0.0,0.0,0.0,0.0,0.0,0.0,0.0,0.0,0.0,0.0,0.0,0.0,0.0,0.0,0.0,0.0,0.0,0.0,0.0,0.0,0.0,0.0,0.0,0.0,0.0,0.0,0.0,0.0,0.0,0.0,0.0,0.0,0.0,0.0,0.0,0.0,0.0,0.0,0.0,0.0,0.0,0.0,0.0,0.0,0.0,0.0,0.0,0.0,0.0,0.0,0.0,0.0,0.0,0.0,0.0,0.0,0.0,0.0,0.0,0.0,0.0,0.0,0.0,0.0,0.0,0.0,0.0,0.0,0.0,0.0,0.0,0.0,0.0,0.0,0.0,0.0,0.0,0.0,0.0,0.0,0.0,0.0,0.0,0.0,0.0,0.0,0.0,0.0,0.0,0.0,0.0,0.0,0.0,0.0,0.0,0.0,0.0,0.0,0.0,0.0,0.0,0.0,0.0,0.0,0.0,0.0,0.0,0.0,0.0,0.0,0.0,0.0,0.0,0.0,0.0,0.0,0.0,0.0,0.0,0.0,0.0,0.0,0.0,0.0,0.0,0.0,0.0,0.0,0.0,0.0,0.0,0.0,0.0,0.0,0.0,0.0,0.0,0.0,0.0,0.0,0.0,0.0,0.0,0.0,0.0,0.0,0.0,0.0,0.0,0.0,0.0,0.0,0.0,0.0,0.0,0.0,0.0,0.0,0.0,0.0,0.0,0.0,0.0,0.0,0.0,0.0,0.0,0.0,0.0,0.0,0.0,0.0,0.0,0.0,0.0,0.0,0.0,0.0,0.0,0.0,0.0,0.0,0.0,0.0,0.0,0.0,0.0,0.0,0.0,0.0,0.0,0.0,0.0,0.0,0.0,0.0,0.0,0.0,0.0,0.0,0.0,0.0,0.0,0.0,0.0,0.0,0.0,0.0,0.0,0.0,0.0,0.0,0.0,0.0,0.0,0.0,0.0,0.0,0.0,0.0,0.0,0.0,0.0,0.0,0.0,0.0,0.0,0.0,0.0,0.0,0.0,0.0,0.0,0.0,0.0,0.0,0.0,0.0,0.0,0.0,0.0,0.0,0.0,0.0,0.0,0.0,0.0,0.0,0.0,0.0,0.0,0.0,0.0,0.0,0.0,0.0,0.0,0.0,0.0,0.0,0.0,0.0,0.0,0.0,0.0,0.0,0.0,0.0,0.0,0.0,0.0,0.0,0.0,0.0,0.0,0.0,0.0,0.0,0.0,0.0,0.0,0.0,0.0,0.0,0.0,0.0,0.0,0.0,0.0,0.0,0.0,0.0,0.0,0.0,0.0,0.0,0.0,0.0,0.0,0.0,0.0,0.0,0.0,0.0,0.0,0.0,0.0,0.0,0.0,0.0,0.0,0.0,0.0,0.0,0.0,0.0,0.0,0.0,0.0,0.0,0.0,0.0,0.0,0.0,0.0,0.0,0.0,0.0,0.0,0.0,0.0,0.0,0.0,0.0,0.0,0.0,0.0,0.0,0.0,0.0,0.0,0.0,0.0,0.0,0.0,0.0,0.0,0.0,0.0,0.0,0.0,0.0,0.0,0.0,0.0,0.0,0.0,0.0,0.0,0.0,0.0,0.0,0.0,0.0,0.0,0.0,0.0,0.0,0.0,0.0,0.0,0.0,0.0,0.0,0.0,0.0,0.0,0.0,0.0,0.0,0.0,0.0,0.0,0.0,0.0,0.0,0.0,0.0,0.0,0.0,0.0,0.0,0.0,0.0,0.0,0.0,0.0,0.0,0.0,0.0,0.0,0.0,0.0,0.0,0.0,0.0,0.0,0.0,0.0,0.0,0.0,0.0,0.0,0.0,0.0,0.0,0.0,0.0,0.0,0.0,0.0,0.0,0.0,0.0,0.0,0.0,0.0,0.0,0.0,0.0,0.0,0.0,0.0,0.0,0.0,0.0,0.0,0.0,0.0,0.0,0.0,0.0,0.0,0.0,0.0,0.0,0.0,0.0,0.0,0.0,0.0,0.0,0.0,0.0,0.0,0.0,0.0,0.0,0.0,0.0,0.0,0.0,0.0,0.0,0.0,0.0,0.0,0.0,0.0,0.0,0.0,0.0,0.0,0.0,0.0,0.0,0.0,0.0,0.0,0.0,0.0,0.0,0.0,0.0,0.0,0.0,0.0,0.0,0.0,0.0,0.0,0.0,0.0
Firm 3 CostMoney,0.0,0.0,0.0,0.0,0.0,0.0,0.0,0.0,0.0,0.0,0.0,0.0,0.0,0.0,0.0,0.0,0.0,0.0,0.0,0.0,0.0,0.0,0.0,0.0,0.0,0.0,0.0,0.0,0.0,0.0,0.0,0.0,0.0,0.0,0.0,0.0,0.0,0.0,0.0,0.0,0.0,0.0,0.0,0.0,0.0,0.0,0.0,0.0,0.0,0.0,0.0,0.0,0.0,0.0,0.0,0.0,0.0,0.0,0.0,0.0,0.0,0.0,0.0,0.0,0.0,0.0,0.0,0.0,0.0,0.0,0.0,0.0,0.0,0.0,0.0,0.0,0.0,0.0,0.0,0.0,0.0,0.0,0.0,0.0,0.0,0.0,0.0,0.0,0.0,0.0,0.0,0.0,0.0,0.0,0.0,0.0,0.0,0.0,0.0,0.0,0.0,0.0,0.0,0.0,0.0,0.0,0.0,0.0,0.0,0.0,0.0,0.0,0.0,0.0,0.0,0.0,0.0,0.0,0.0,0.0,0.0,0.0,0.0,0.0,0.0,0.0,0.0,0.0,0.0,0.0,0.0,0.0,0.0,0.0,0.0,0.0,0.0,0.0,0.0,0.0,0.0,0.0,0.0,0.0,0.0,0.0,0.0,0.0,0.0,0.0,0.0,0.0,0.0,0.0,0.0,0.0,0.0,0.0,0.0,0.0,0.0,0.0,0.0,0.0,0.0,0.0,0.0,0.0,0.0,0.0,0.0,0.0,0.0,0.0,0.0,0.0,0.0,0.0,0.0,0.0,0.0,0.0,0.0,0.0,0.0,0.0,0.0,0.0,0.0,0.0,0.0,0.0,0.0,0.0,0.0,0.0,0.0,0.0,0.0,0.0,0.0,0.0,0.0,0.0,0.0,0.0,0.0,0.0,0.0,0.0,0.0,0.0,0.0,0.0,0.0,0.0,0.0,0.0,0.0,0.0,0.0,0.0,0.0,0.0,0.0,0.0,0.0,0.0,0.0,0.0,0.0,0.0,0.0,0.0,0.0,0.0,0.0,0.0,0.0,0.0,0.0,0.0,0.0,0.0,0.0,0.0,0.0,0.0,0.0,0.0,0.0,0.0,0.0,0.0,0.0,0.0,0.0,0.0,0.0,0.0,0.0,0.0,0.0,0.0,0.0,0.0,0.0,0.0,0.0,0.0,0.0,0.0,0.0,0.0,0.0,0.0,0.0,0.0,0.0,0.0,0.0,0.0,0.0,0.0,0.0,0.0,0.0,0.0,0.0,0.0,0.0,0.0,0.0,0.0,0.0,0.0,0.0,0.0,0.0,0.0,0.0,0.0,0.0,0.0,0.0,0.0,0.0,0.0,0.0,0.0,0.0,0.0,0.0,0.0,0.0,0.0,0.0,0.0,0.0,0.0,0.0,0.0,0.0,0.0,0.0,0.0,0.0,0.0,0.0,0.0,0.0,0.0,0.0,0.0,0.0,0.0,0.0,0.0,0.0,0.0,0.0,0.0,0.0,0.0,0.0,0.0,0.0,0.0,0.0,0.0,0.0,0.0,0.0,0.0,0.0,0.0,0.0,0.0,0.0,0.0,0.0,0.0,0.0,0.0,0.0,0.0,0.0,0.0,0.0,0.0,0.0,0.0,0.0,0.0,0.0,0.0,0.0,0.0,0.0,0.0,0.0,0.0,0.0,0.0,0.0,0.0,0.0,0.0,0.0,0.0,0.0,0.0,0.0,0.0,0.0,0.0,0.0,0.0,0.0,0.0,0.0,0.0,0.0,0.0,0.0,0.0,0.0,0.0,0.0,0.0,0.0,0.0,0.0,0.0,0.0,0.0,0.0,0.0,0.0,0.0,0.0,0.0,0.0,0.0,0.0,0.0,0.0,0.0,0.0,0.0,0.0,0.0,0.0,0.0,0.0,0.0,0.0,0.0,0.0,0.0,0.0,0.0,0.0,0.0,0.0,0.0,0.0,0.0,0.0,0.0,0.0,0.0,0.0,0.0,0.0,0.0,0.0,0.0,0.0,0.0,0.0,0.0,0.0,0.0,0.0,0.0,0.0,0.0,0.0,0.0,0.0,0.0,0.0,0.0,0.0,0.0,0.0,0.0,0.0,0.0,0.0,0.0,0.0,0.0,0.0,0.0,0.0,0.0,0.0,0.0,0.0,0.0,0.0,0.0,0.0,0.0,0.0,0.0,0.0,0.0
Firm 4 CostMoney,0.0,0.0,0.0,0.0,0.0,0.0,0.0,0.0,0.0,0.0,0.0,0.0,0.0,0.0,0.0,0.0,0.0,0.0,0.0,0.0,0.0,0.0,0.0,0.0,0.0,0.0,0.0,0.0,0.0,0.0,0.0,0.0,0.0,0.0,0.0,0.0,0.0,0.0,0.0,0.0,0.0,0.0,0.0,0.0,0.0,0.0,0.0,0.0,0.0,0.0,0.0,0.0,0.0,0.0,0.0,0.0,0.0,0.0,0.0,0.0,0.0,0.0,0.0,0.0,0.0,0.0,0.0,0.0,0.0,0.0,0.0,0.0,0.0,0.0,0.0,0.0,0.0,0.0,0.0,0.0,0.0,0.0,0.0,0.0,0.0,0.0,0.0,0.0,0.0,0.0,0.0,0.0,0.0,0.0,0.0,0.0,0.0,0.0,0.0,0.0,0.0,0.0,0.0,0.0,0.0,0.0,0.0,0.0,0.0,0.0,0.0,0.0,0.0,0.0,0.0,0.0,0.0,0.0,0.0,0.0,0.0,0.0,0.0,0.0,0.0,0.0,0.0,0.0,0.0,0.0,0.0,0.0,0.0,0.0,0.0,0.0,0.0,0.0,0.0,0.0,0.0,0.0,0.0,0.0,0.0,0.0,0.0,0.0,0.0,0.0,0.0,0.0,0.0,0.0,0.0,0.0,0.0,0.0,0.0,0.0,0.0,0.0,0.0,0.0,0.0,0.0,0.0,0.0,0.0,0.0,0.0,0.0,0.0,0.0,0.0,0.0,0.0,0.0,0.0,0.0,0.0,0.0,0.0,0.0,0.0,0.0,0.0,0.0,0.0,0.0,0.0,0.0,0.0,0.0,0.0,0.0,0.0,0.0,0.0,0.0,0.0,0.0,0.0,0.0,0.0,0.0,0.0,0.0,0.0,0.0,0.0,0.0,0.0,0.0,0.0,0.0,0.0,0.0,0.0,0.0,0.0,0.0,0.0,0.0,0.0,0.0,0.0,0.0,0.0,0.0,0.0,0.0,0.0,0.0,0.0,0.0,0.0,0.0,0.0,0.0,0.0,0.0,0.0,0.0,0.0,0.0,0.0,0.0,0.0,0.0,0.0,0.0,0.0,0.0,0.0,0.0,0.0,0.0,0.0,0.0,0.0,0.0,0.0,0.0,0.0,0.0,0.0,0.0,0.0,0.0,0.0,0.0,0.0,0.0,0.0,0.0,0.0,0.0,0.0,0.0,0.0,0.0,0.0,0.0,0.0,0.0,0.0,0.0,0.0,0.0,0.0,0.0,0.0,0.0,0.0,0.0,0.0,0.0,0.0,0.0,0.0,0.0,0.0,0.0,0.0,0.0,0.0,0.0,0.0,0.0,0.0,0.0,0.0,0.0,0.0,0.0,0.0,0.0,0.0,0.0,0.0,0.0,0.0,0.0,0.0,0.0,0.0,0.0,0.0,0.0,0.0,0.0,0.0,0.0,0.0,0.0,0.0,0.0,0.0,0.0,0.0,0.0,0.0,0.0,0.0,0.0,0.0,0.0,0.0,0.0,0.0,0.0,0.0,0.0,0.0,0.0,0.0,0.0,0.0,0.0,0.0,0.0,0.0,0.0,0.0,0.0,0.0,0.0,0.0,0.0,0.0,0.0,0.0,0.0,0.0,0.0,0.0,0.0,0.0,0.0,0.0,0.0,0.0,0.0,0.0,0.0,0.0,0.0,0.0,0.0,0.0,0.0,0.0,0.0,0.0,0.0,0.0,0.0,0.0,0.0,0.0,0.0,0.0,0.0,0.0,0.0,0.0,0.0,0.0,0.0,0.0,0.0,0.0,0.0,0.0,0.0,0.0,0.0,0.0,0.0,0.0,0.0,0.0,0.0,0.0,0.0,0.0,0.0,0.0,0.0,0.0,0.0,0.0,0.0,0.0,0.0,0.0,0.0,0.0,0.0,0.0,0.0,0.0,0.0,0.0,0.0,0.0,0.0,0.0,0.0,0.0,0.0,0.0,0.0,0.0,0.0,0.0,0.0,0.0,0.0,0.0,0.0,0.0,0.0,0.0,0.0,0.0,0.0,0.0,0.0,0.0,0.0,0.0,0.0,0.0,0.0,0.0,0.0,0.0,0.0,0.0,0.0,0.0,0.0,0.0,0.0,0.0,0.0,0.0,0.0,0.0,0.0,0.0,0.0,0.0,0.0,0.0,0.0,0.0,0.0
Firm 0 CostCO2,883370.6939999999,883370.6939999999,883370.6939999999,883370.6939999999,883370.6939999999,883370.6939999999,883370.6939999999,883370.6939999999,883370.6939999999,883370.6939999999,883370.6939999999,883370.6939999999,883370.6939999999,883370.6939999999,883370.6939999999,883370.6939999999,883370.6939999999,883370.6939999999,883370.6939999999,883370.6939999999,883370.6939999999,883370.6939999999,883370.6939999999,883370.6939999999,883370.6939999999,883370.6939999999,883370.6939999999,883370.6939999999,883370.6939999999,883370.6939999999,883370.6939999999,883370.6939999999,883370.6939999999,883370.6939999999,883370.6939999999,883370.6939999999,883370.6939999999,883370.6939999999,883370.6939999999,883370.6939999999,883370.6939999999,883370.6939999999,883370.6939999999,883370.6939999999,883370.6939999999,883370.6939999999,883370.6939999999,883370.6939999999,883370.6939999999,883370.6939999999,883370.6939999999,883370.6939999999,883370.6939999999,883370.6939999999,883370.6939999999,883370.6939999999,883370.6939999999,883370.6939999999,883370.6939999999,883370.6939999999,883370.6939999999,883370.6939999999,883370.6939999999,883370.6939999999,883370.6939999999,883370.6939999999,883370.6939999999,883370.6939999999,883370.6939999999,883370.6939999999,883370.6939999999,883370.6939999999,883370.6939999999,883370.6939999999,883370.6939999999,883370.6939999999,883370.6939999999,883370.6939999999,883370.6939999999,883370.6939999999,883370.6939999999,883370.6939999999,883370.6939999999,883370.6939999999,883370.6939999999,883370.6939999999,883370.6939999999,883370.6939999999,883370.6939999999,883370.6939999999,883370.6939999999,883370.6939999999,883370.6939999999,883370.6939999999,883370.6939999999,883370.6939999999,883370.6939999999,883370.6939999999,883370.6939999999,883370.6939999999,883370.6939999999,883370.6939999999,883370.6939999999,883370.6939999999,883370.6939999999,883370.6939999999,883370.6939999999,883370.6939999999,883370.6939999999,883370.6939999999,883370.6939999999,883370.6939999999,883370.6939999999,883370.6939999999,883370.6939999999,883370.6939999999,883370.6939999999,883370.6939999999,883370.6939999999,883370.6939999999,883370.6939999999,883370.6939999999,883370.6939999999,883370.6939999999,883370.6939999999,883370.6939999999,883370.6939999999,883370.6939999999,883370.6939999999,883370.6939999999,883370.6939999999,883370.6939999999,883370.6939999999,883370.6939999999,883370.6939999999,883370.6939999999,883370.6939999999,883370.6939999999,883370.6939999999,883370.6939999999,883370.6939999999,883370.6939999999,883370.6939999999,883370.6939999999,883370.6939999999,883370.6939999999,883370.6939999999,883370.6939999999,883370.6939999999,883370.6939999999,883370.6939999999,883370.6939999999,883370.6939999999,883370.6939999999,883370.6939999999,883370.6939999999,883370.6939999999,883370.6939999999,883370.6939999999,883370.6939999999,883370.6939999999,883370.6939999999,883370.6939999999,883370.6939999999,883370.6939999999,883370.6939999999,883370.6939999999,883370.6939999999,883370.6939999999,883370.6939999999,883370.6939999999,883370.6939999999,883370.6939999999,883370.6939999999,883370.6939999999,883370.6939999999,883370.6939999999,883370.6939999999,883370.6939999999,883370.6939999999,883370.6939999999,883370.6939999999,883370.6939999999,883370.6939999999,883370.6939999999,883370.6939999999,883370.6939999999,883370.6939999999,883370.6939999999,883370.6939999999,883370.6939999999,883370.6939999999,883370.6939999999,883370.6939999999,883370.6939999999,883370.6939999999,883370.6939999999,883370.6939999999,883370.6939999999,883370.6939999999,883370.6939999999,883370.6939999999,883370.6939999999,883370.6939999999,883370.6939999999,883370.6939999999,883370.6939999999,883370.6939999999,883370.6939999999,883370.6939999999,883370.6939999999,883370.6939999999,883370.6939999999,883370.6939999999,883370.6939999999,883370.6939999999,883370.6939999999,883370.6939999999,883370.6939999999,883370.6939999999,883370.6939999999,883370.6939999999,883370.6939999999,883370.6939999999,883370.6939999999,883370.6939999999,883370.6939999999,883370.6939999999,883370.6939999999,883370.6939999999,883370.6939999999,883370.6939999999,883370.6939999999,883370.6939999999,883370.6939999999,883370.6939999999,883370.6939999999,883370.6939999999,883370.6939999999,883370.6939999999,883370.6939999999,883370.6939999999,883370.6939999999,883370.6939999999,883370.6939999999,883370.6939999999,883370.6939999999,883370.6939999999,883370.6939999999,883370.6939999999,883370.6939999999,883370.6939999999,883370.6939999999,883370.6939999999,883370.6939999999,883370.6939999999,883370.6939999999,883370.6939999999,883370.6939999999,883370.6939999999,883370.6939999999,883370.6939999999,883370.6939999999,883370.6939999999,883370.6939999999,883370.6939999999,883370.6939999999,883370.6939999999,883370.6939999999,883370.6939999999,883370.6939999999,883370.6939999999,883370.6939999999,883370.6939999999,883370.6939999999,883370.6939999999,883370.6939999999,883370.6939999999,883370.6939999999,883370.6939999999,883370.6939999999,883370.6939999999,883370.6939999999,883370.6939999999,883370.6939999999,883370.6939999999,883370.6939999999,883370.6939999999,883370.6939999999,883370.6939999999,883370.6939999999,883370.6939999999,883370.6939999999,883370.6939999999,883370.6939999999,883370.6939999999,883370.6939999999,883370.6939999999,883370.6939999999,883370.6939999999,883370.6939999999,883370.6939999999,883370.6939999999,883370.6939999999,883370.6939999999,883370.6939999999,883370.6939999999,883370.6939999999,883370.6939999999,883370.6939999999,883370.6939999999,883370.6939999999,883370.6939999999,883370.6939999999,883370.6939999999,883370.6939999999,883370.6939999999,883370.6939999999,883370.6939999999,883370.6939999999,883370.6939999999,883370.6939999999,883370.6939999999,883370.6939999999,883370.6939999999,883370.6939999999,883370.6939999999,883370.6939999999,883370.6939999999,883370.6939999999,883370.6939999999,883370.6939999999,883370.6939999999,883370.6939999999,883370.6939999999,883370.6939999999,883370.6939999999,883370.6939999999,883370.6939999999,883370.6939999999,883370.6939999999,883370.6939999999,883370.6939999999,883370.6939999999,883370.6939999999,883370.6939999999,883370.6939999999,883370.6939999999,883370.6939999999,883370.6939999999,883370.6939999999,883370.6939999999,883370.6939999999,883370.6939999999,883370.6939999999,883370.6939999999,883370.6939999999,883370.6939999999,883370.6939999999,883370.6939999999,883370.6939999999,883370.6939999999,883370.6939999999,883370.6939999999,883370.6939999999,883370.6939999999,883370.6939999999,883370.6939999999,883370.6939999999,883370.6939999999,883370.6939999999,883370.6939999999,883370.6939999999,883370.6939999999,883370.6939999999,883370.6939999999,883370.6939999999,883370.6939999999,883370.6939999999,883370.6939999999,883370.6939999999,883370.6939999999,883370.6939999999,883370.6939999999,883370.6939999999,883370.6939999999,883370.6939999999,883370.6939999999,883370.6939999999,883370.6939999999,883370.6939999999,883370.6939999999,883370.6939999999,883370.6939999999,883370.6939999999,883370.6939999999,883370.6939999999,883370.6939999999,883370.6939999999,883370.6939999999,883370.6939999999,883370.6939999999,883370.6939999999,883370.6939999999,883370.6939999999,883370.6939999999,883370.6939999999,883370.6939999999,883370.6939999999,883370.6939999999,883370.6939999999,883370.6939999999,883370.6939999999,883370.6939999999,883370.6939999999,883370.6939999999,883370.6939999999,883370.6939999999,883370.6939999999,883370.6939999999,883370.6939999999,883370.6939999999,883370.6939999999,883370.6939999999,883370.6939999999,883370.6939999999,883370.6939999999,883370.6939999999,883370.6939999999,883370.6939999999,883370.6939999999,883370.6939999999,883370.6939999999,883370.6939999999,883370.6939999999,883370.6939999999,883370.6939999999,883370.6939999999,883370.6939999999,883370.6939999999,883370.6939999999,883370.6939999999,883370.6939999999,883370.6939999999,883370.6939999999,883370.6939999999,883370.6939999999,883370.6939999999,883370.6939999999,883370.6939999999,883370.6939999999,883370.6939999999,883370.6939999999,883370.6939999999,883370.6939999999,883370.6939999999,883370.6939999999,883370.6939999999,883370.6939999999,883370.6939999999,883370.6939999999,883370.6939999999,883370.6939999999,883370.6939999999,883370.6939999999,883370.6939999999,883370.6939999999,883370.6939999999,883370.6939999999,883370.6939999999,883370.6939999999,883370.6939999999,883370.6939999999,883370.6939999999,883370.6939999999,883370.6939999999,883370.6939999999,883370.6939999999,883370.6939999999,883370.6939999999,883370.6939999999,883370.6939999999,883370.6939999999,883370.6939999999,883370.6939999999,883370.6939999999,883370.6939999999,883370.6939999999,883370.6939999999,883370.6939999999,883370.6939999999,883370.6939999999,883370.6939999999,883370.6939999999,883370.6939999999,883370.6939999999,883370.6939999999,883370.6939999999,883370.6939999999,883370.6939999999
Firm 1 CostCO2,0.0,0.0,0.0,0.0,0.0,0.0,0.0,0.0,0.0,0.0,0.0,0.0,0.0,0.0,0.0,0.0,0.0,0.0,0.0,0.0,0.0,0.0,0.0,0.0,0.0,0.0,0.0,0.0,0.0,0.0,0.0,0.0,0.0,0.0,0.0,0.0,0.0,0.0,0.0,0.0,0.0,0.0,0.0,0.0,0.0,0.0,0.0,0.0,0.0,0.0,0.0,0.0,0.0,0.0,0.0,0.0,0.0,0.0,0.0,0.0,0.0,0.0,0.0,0.0,0.0,0.0,0.0,0.0,0.0,0.0,0.0,0.0,0.0,0.0,0.0,0.0,0.0,0.0,0.0,0.0,0.0,0.0,0.0,0.0,0.0,0.0,0.0,0.0,0.0,0.0,0.0,0.0,0.0,0.0,0.0,0.0,0.0,0.0,0.0,0.0,0.0,0.0,0.0,0.0,0.0,0.0,0.0,0.0,0.0,0.0,0.0,0.0,0.0,0.0,0.0,0.0,0.0,0.0,0.0,0.0,0.0,0.0,0.0,0.0,0.0,0.0,0.0,0.0,0.0,0.0,0.0,0.0,0.0,0.0,0.0,0.0,0.0,0.0,0.0,0.0,0.0,0.0,0.0,0.0,0.0,0.0,0.0,0.0,0.0,0.0,0.0,0.0,0.0,0.0,0.0,0.0,0.0,0.0,0.0,0.0,0.0,0.0,0.0,0.0,0.0,0.0,0.0,0.0,0.0,0.0,0.0,0.0,0.0,0.0,0.0,0.0,0.0,0.0,0.0,0.0,0.0,0.0,0.0,0.0,0.0,0.0,0.0,0.0,0.0,0.0,0.0,0.0,0.0,0.0,0.0,0.0,0.0,0.0,0.0,0.0,0.0,0.0,0.0,0.0,0.0,0.0,0.0,0.0,0.0,0.0,0.0,0.0,0.0,0.0,0.0,0.0,0.0,0.0,0.0,0.0,0.0,0.0,0.0,0.0,0.0,0.0,0.0,0.0,0.0,0.0,0.0,0.0,0.0,0.0,0.0,0.0,0.0,0.0,0.0,0.0,0.0,0.0,0.0,0.0,0.0,0.0,0.0,0.0,0.0,0.0,0.0,0.0,0.0,0.0,0.0,0.0,0.0,0.0,0.0,0.0,0.0,0.0,0.0,0.0,0.0,0.0,0.0,0.0,0.0,0.0,0.0,0.0,0.0,0.0,0.0,0.0,0.0,0.0,0.0,0.0,0.0,0.0,0.0,0.0,0.0,0.0,0.0,0.0,0.0,0.0,0.0,0.0,0.0,0.0,0.0,0.0,0.0,0.0,0.0,0.0,0.0,0.0,0.0,0.0,0.0,0.0,0.0,0.0,0.0,0.0,0.0,0.0,0.0,0.0,0.0,0.0,0.0,0.0,0.0,0.0,0.0,0.0,0.0,0.0,0.0,0.0,0.0,0.0,0.0,0.0,0.0,0.0,0.0,0.0,0.0,0.0,0.0,0.0,0.0,0.0,0.0,0.0,0.0,0.0,0.0,0.0,0.0,0.0,0.0,0.0,0.0,0.0,0.0,0.0,0.0,0.0,0.0,0.0,0.0,0.0,0.0,0.0,0.0,0.0,0.0,0.0,0.0,0.0,0.0,0.0,0.0,0.0,0.0,0.0,0.0,0.0,0.0,0.0,0.0,0.0,0.0,0.0,0.0,0.0,0.0,0.0,0.0,0.0,0.0,0.0,0.0,0.0,0.0,0.0,0.0,0.0,0.0,0.0,0.0,0.0,0.0,0.0,0.0,0.0,0.0,0.0,0.0,0.0,0.0,0.0,0.0,0.0,0.0,0.0,0.0,0.0,0.0,0.0,0.0,0.0,0.0,0.0,0.0,0.0,0.0,0.0,0.0,0.0,0.0,0.0,0.0,0.0,0.0,0.0,0.0,0.0,0.0,0.0,0.0,0.0,0.0,0.0,0.0,0.0,0.0,0.0,0.0,0.0,0.0,0.0,0.0,0.0,0.0,0.0,0.0,0.0,0.0,0.0,0.0,0.0,0.0,0.0,0.0,0.0,0.0,0.0,0.0,0.0,0.0,0.0,0.0,0.0,0.0,0.0,0.0,0.0,0.0,0.0,0.0,0.0,0.0,0.0,0.0,0.0,0.0,0.0,0.0,0.0,0.0,0.0,0.0,0.0,0.0,0.0,0.0,0.0,0.0,0.0,0.0,0.0
Firm 2 CostCO2,0.0,0.0,0.0,0.0,0.0,0.0,0.0,0.0,0.0,0.0,0.0,0.0,0.0,0.0,0.0,0.0,0.0,0.0,0.0,0.0,0.0,0.0,0.0,0.0,0.0,0.0,0.0,0.0,0.0,0.0,0.0,0.0,0.0,0.0,0.0,0.0,0.0,0.0,0.0,0.0,0.0,0.0,0.0,0.0,0.0,0.0,0.0,0.0,0.0,0.0,0.0,0.0,0.0,0.0,0.0,0.0,0.0,0.0,0.0,0.0,0.0,0.0,0.0,0.0,0.0,0.0,0.0,0.0,0.0,0.0,0.0,0.0,0.0,0.0,0.0,0.0,0.0,0.0,0.0,0.0,0.0,0.0,0.0,0.0,0.0,0.0,0.0,0.0,0.0,0.0,0.0,0.0,0.0,0.0,0.0,0.0,0.0,0.0,0.0,0.0,0.0,0.0,0.0,0.0,0.0,0.0,0.0,0.0,0.0,0.0,0.0,0.0,0.0,0.0,0.0,0.0,0.0,0.0,0.0,0.0,0.0,0.0,0.0,0.0,0.0,0.0,0.0,0.0,0.0,0.0,0.0,0.0,0.0,0.0,0.0,0.0,0.0,0.0,0.0,0.0,0.0,0.0,0.0,0.0,0.0,0.0,0.0,0.0,0.0,0.0,0.0,0.0,0.0,0.0,0.0,0.0,0.0,0.0,0.0,0.0,0.0,0.0,0.0,0.0,0.0,0.0,0.0,0.0,0.0,0.0,0.0,0.0,0.0,0.0,0.0,0.0,0.0,0.0,0.0,0.0,0.0,0.0,0.0,0.0,0.0,0.0,0.0,0.0,0.0,0.0,0.0,0.0,0.0,0.0,0.0,0.0,0.0,0.0,0.0,0.0,0.0,0.0,0.0,0.0,0.0,0.0,0.0,0.0,0.0,0.0,0.0,0.0,0.0,0.0,0.0,0.0,0.0,0.0,0.0,0.0,0.0,0.0,0.0,0.0,0.0,0.0,0.0,0.0,0.0,0.0,0.0,0.0,0.0,0.0,0.0,0.0,0.0,0.0,0.0,0.0,0.0,0.0,0.0,0.0,0.0,0.0,0.0,0.0,0.0,0.0,0.0,0.0,0.0,0.0,0.0,0.0,0.0,0.0,0.0,0.0,0.0,0.0,0.0,0.0,0.0,0.0,0.0,0.0,0.0,0.0,0.0,0.0,0.0,0.0,0.0,0.0,0.0,0.0,0.0,0.0,0.0,0.0,0.0,0.0,0.0,0.0,0.0,0.0,0.0,0.0,0.0,0.0,0.0,0.0,0.0,0.0,0.0,0.0,0.0,0.0,0.0,0.0,0.0,0.0,0.0,0.0,0.0,0.0,0.0,0.0,0.0,0.0,0.0,0.0,0.0,0.0,0.0,0.0,0.0,0.0,0.0,0.0,0.0,0.0,0.0,0.0,0.0,0.0,0.0,0.0,0.0,0.0,0.0,0.0,0.0,0.0,0.0,0.0,0.0,0.0,0.0,0.0,0.0,0.0,0.0,0.0,0.0,0.0,0.0,0.0,0.0,0.0,0.0,0.0,0.0,0.0,0.0,0.0,0.0,0.0,0.0,0.0,0.0,0.0,0.0,0.0,0.0,0.0,0.0,0.0,0.0,0.0,0.0,0.0,0.0,0.0,0.0,0.0,0.0,0.0,0.0,0.0,0.0,0.0,0.0,0.0,0.0,0.0,0.0,0.0,0.0,0.0,0.0,0.0,0.0,0.0,0.0,0.0,0.0,0.0,0.0,0.0,0.0,0.0,0.0,0.0,0.0,0.0,0.0,0.0,0.0,0.0,0.0,0.0,0.0,0.0,0.0,0.0,0.0,0.0,0.0,0.0,0.0,0.0,0.0,0.0,0.0,0.0,0.0,0.0,0.0,0.0,0.0,0.0,0.0,0.0,0.0,0.0,0.0,0.0,0.0,0.0,0.0,0.0,0.0,0.0,0.0,0.0,0.0,0.0,0.0,0.0,0.0,0.0,0.0,0.0,0.0,0.0,0.0,0.0,0.0,0.0,0.0,0.0,0.0,0.0,0.0,0.0,0.0,0.0,0.0,0.0,0.0,0.0,0.0,0.0,0.0,0.0,0.0,0.0,0.0,0.0,0.0,0.0,0.0,0.0,0.0,0.0,0.0,0.0,0.0,0.0,0.0,0.0,0.0,0.0,0.0,0.0,0.0,0.0
Firm 3 CostCO2,0.0,0.0,0.0,0.0,0.0,0.0,0.0,0.0,0.0,0.0,0.0,0.0,0.0,0.0,0.0,0.0,0.0,0.0,0.0,0.0,0.0,0.0,0.0,0.0,0.0,0.0,0.0,0.0,0.0,0.0,0.0,0.0,0.0,0.0,0.0,0.0,0.0,0.0,0.0,0.0,0.0,0.0,0.0,0.0,0.0,0.0,0.0,0.0,0.0,0.0,0.0,0.0,0.0,0.0,0.0,0.0,0.0,0.0,0.0,0.0,0.0,0.0,0.0,0.0,0.0,0.0,0.0,0.0,0.0,0.0,0.0,0.0,0.0,0.0,0.0,0.0,0.0,0.0,0.0,0.0,0.0,0.0,0.0,0.0,0.0,0.0,0.0,0.0,0.0,0.0,0.0,0.0,0.0,0.0,0.0,0.0,0.0,0.0,0.0,0.0,0.0,0.0,0.0,0.0,0.0,0.0,0.0,0.0,0.0,0.0,0.0,0.0,0.0,0.0,0.0,0.0,0.0,0.0,0.0,0.0,0.0,0.0,0.0,0.0,0.0,0.0,0.0,0.0,0.0,0.0,0.0,0.0,0.0,0.0,0.0,0.0,0.0,0.0,0.0,0.0,0.0,0.0,0.0,0.0,0.0,0.0,0.0,0.0,0.0,0.0,0.0,0.0,0.0,0.0,0.0,0.0,0.0,0.0,0.0,0.0,0.0,0.0,0.0,0.0,0.0,0.0,0.0,0.0,0.0,0.0,0.0,0.0,0.0,0.0,0.0,0.0,0.0,0.0,0.0,0.0,0.0,0.0,0.0,0.0,0.0,0.0,0.0,0.0,0.0,0.0,0.0,0.0,0.0,0.0,0.0,0.0,0.0,0.0,0.0,0.0,0.0,0.0,0.0,0.0,0.0,0.0,0.0,0.0,0.0,0.0,0.0,0.0,0.0,0.0,0.0,0.0,0.0,0.0,0.0,0.0,0.0,0.0,0.0,0.0,0.0,0.0,0.0,0.0,0.0,0.0,0.0,0.0,0.0,0.0,0.0,0.0,0.0,0.0,0.0,0.0,0.0,0.0,0.0,0.0,0.0,0.0,0.0,0.0,0.0,0.0,0.0,0.0,0.0,0.0,0.0,0.0,0.0,0.0,0.0,0.0,0.0,0.0,0.0,0.0,0.0,0.0,0.0,0.0,0.0,0.0,0.0,0.0,0.0,0.0,0.0,0.0,0.0,0.0,0.0,0.0,0.0,0.0,0.0,0.0,0.0,0.0,0.0,0.0,0.0,0.0,0.0,0.0,0.0,0.0,0.0,0.0,0.0,0.0,0.0,0.0,0.0,0.0,0.0,0.0,0.0,0.0,0.0,0.0,0.0,0.0,0.0,0.0,0.0,0.0,0.0,0.0,0.0,0.0,0.0,0.0,0.0,0.0,0.0,0.0,0.0,0.0,0.0,0.0,0.0,0.0,0.0,0.0,0.0,0.0,0.0,0.0,0.0,0.0,0.0,0.0,0.0,0.0,0.0,0.0,0.0,0.0,0.0,0.0,0.0,0.0,0.0,0.0,0.0,0.0,0.0,0.0,0.0,0.0,0.0,0.0,0.0,0.0,0.0,0.0,0.0,0.0,0.0,0.0,0.0,0.0,0.0,0.0,0.0,0.0,0.0,0.0,0.0,0.0,0.0,0.0,0.0,0.0,0.0,0.0,0.0,0.0,0.0,0.0,0.0,0.0,0.0,0.0,0.0,0.0,0.0,0.0,0.0,0.0,0.0,0.0,0.0,0.0,0.0,0.0,0.0,0.0,0.0,0.0,0.0,0.0,0.0,0.0,0.0,0.0,0.0,0.0,0.0,0.0,0.0,0.0,0.0,0.0,0.0,0.0,0.0,0.0,0.0,0.0,0.0,0.0,0.0,0.0,0.0,0.0,0.0,0.0,0.0,0.0,0.0,0.0,0.0,0.0,0.0,0.0,0.0,0.0,0.0,0.0,0.0,0.0,0.0,0.0,0.0,0.0,0.0,0.0,0.0,0.0,0.0,0.0,0.0,0.0,0.0,0.0,0.0,0.0,0.0,0.0,0.0,0.0,0.0,0.0,0.0,0.0,0.0,0.0,0.0,0.0,0.0,0.0,0.0,0.0,0.0,0.0,0.0,0.0,0.0,0.0,0.0,0.0,0.0,0.0,0.0,0.0,0.0,0.0,0.0,0.0,0.0,0.0
Firm 4 CostCO2,0.0,0.0,0.0,0.0,0.0,0.0,0.0,0.0,0.0,0.0,0.0,0.0,0.0,0.0,0.0,0.0,0.0,0.0,0.0,0.0,0.0,0.0,0.0,0.0,0.0,0.0,0.0,0.0,0.0,0.0,0.0,0.0,0.0,0.0,0.0,0.0,0.0,0.0,0.0,0.0,0.0,0.0,0.0,0.0,0.0,0.0,0.0,0.0,0.0,0.0,0.0,0.0,0.0,0.0,0.0,0.0,0.0,0.0,0.0,0.0,0.0,0.0,0.0,0.0,0.0,0.0,0.0,0.0,0.0,0.0,0.0,0.0,0.0,0.0,0.0,0.0,0.0,0.0,0.0,0.0,0.0,0.0,0.0,0.0,0.0,0.0,0.0,0.0,0.0,0.0,0.0,0.0,0.0,0.0,0.0,0.0,0.0,0.0,0.0,0.0,0.0,0.0,0.0,0.0,0.0,0.0,0.0,0.0,0.0,0.0,0.0,0.0,0.0,0.0,0.0,0.0,0.0,0.0,0.0,0.0,0.0,0.0,0.0,0.0,0.0,0.0,0.0,0.0,0.0,0.0,0.0,0.0,0.0,0.0,0.0,0.0,0.0,0.0,0.0,0.0,0.0,0.0,0.0,0.0,0.0,0.0,0.0,0.0,0.0,0.0,0.0,0.0,0.0,0.0,0.0,0.0,0.0,0.0,0.0,0.0,0.0,0.0,0.0,0.0,0.0,0.0,0.0,0.0,0.0,0.0,0.0,0.0,0.0,0.0,0.0,0.0,0.0,0.0,0.0,0.0,0.0,0.0,0.0,0.0,0.0,0.0,0.0,0.0,0.0,0.0,0.0,0.0,0.0,0.0,0.0,0.0,0.0,0.0,0.0,0.0,0.0,0.0,0.0,0.0,0.0,0.0,0.0,0.0,0.0,0.0,0.0,0.0,0.0,0.0,0.0,0.0,0.0,0.0,0.0,0.0,0.0,0.0,0.0,0.0,0.0,0.0,0.0,0.0,0.0,0.0,0.0,0.0,0.0,0.0,0.0,0.0,0.0,0.0,0.0,0.0,0.0,0.0,0.0,0.0,0.0,0.0,0.0,0.0,0.0,0.0,0.0,0.0,0.0,0.0,0.0,0.0,0.0,0.0,0.0,0.0,0.0,0.0,0.0,0.0,0.0,0.0,0.0,0.0,0.0,0.0,0.0,0.0,0.0,0.0,0.0,0.0,0.0,0.0,0.0,0.0,0.0,0.0,0.0,0.0,0.0,0.0,0.0,0.0,0.0,0.0,0.0,0.0,0.0,0.0,0.0,0.0,0.0,0.0,0.0,0.0,0.0,0.0,0.0,0.0,0.0,0.0,0.0,0.0,0.0,0.0,0.0,0.0,0.0,0.0,0.0,0.0,0.0,0.0,0.0,0.0,0.0,0.0,0.0,0.0,0.0,0.0,0.0,0.0,0.0,0.0,0.0,0.0,0.0,0.0,0.0,0.0,0.0,0.0,0.0,0.0,0.0,0.0,0.0,0.0,0.0,0.0,0.0,0.0,0.0,0.0,0.0,0.0,0.0,0.0,0.0,0.0,0.0,0.0,0.0,0.0,0.0,0.0,0.0,0.0,0.0,0.0,0.0,0.0,0.0,0.0,0.0,0.0,0.0,0.0,0.0,0.0,0.0,0.0,0.0,0.0,0.0,0.0,0.0,0.0,0.0,0.0,0.0,0.0,0.0,0.0,0.0,0.0,0.0,0.0,0.0,0.0,0.0,0.0,0.0,0.0,0.0,0.0,0.0,0.0,0.0,0.0,0.0,0.0,0.0,0.0,0.0,0.0,0.0,0.0,0.0,0.0,0.0,0.0,0.0,0.0,0.0,0.0,0.0,0.0,0.0,0.0,0.0,0.0,0.0,0.0,0.0,0.0,0.0,0.0,0.0,0.0,0.0,0.0,0.0,0.0,0.0,0.0,0.0,0.0,0.0,0.0,0.0,0.0,0.0,0.0,0.0,0.0,0.0,0.0,0.0,0.0,0.0,0.0,0.0,0.0,0.0,0.0,0.0,0.0,0.0,0.0,0.0,0.0,0.0,0.0,0.0,0.0,0.0,0.0,0.0,0.0,0.0,0.0,0.0,0.0,0.0,0.0,0.0,0.0,0.0,0.0,0.0,0.0,0.0,0.0,0.0,0.0,0.0,0.0,0.0,0.0,0.0,0.0,0.0,0.0
Firm 0 CostWater,121599.99999999997,121599.99999999997,121599.99999999997,121599.99999999997,121599.99999999997,121599.99999999997,121599.99999999997,121599.99999999997,121599.99999999997,121599.99999999997,121599.99999999997,121599.99999999997,121599.99999999997,121599.99999999997,121599.99999999997,121599.99999999997,121599.99999999997,121599.99999999997,121599.99999999997,121599.99999999997,121599.99999999997,121599.99999999997,121599.99999999997,121599.99999999997,121599.99999999997,121599.99999999997,121599.99999999997,121599.99999999997,121599.99999999997,121599.99999999997,121599.99999999997,121599.99999999997,121599.99999999997,121599.99999999997,121599.99999999997,121599.99999999997,121599.99999999997,121599.99999999997,121599.99999999997,121599.99999999997,121599.99999999997,121599.99999999997,121599.99999999997,121599.99999999997,121599.99999999997,121599.99999999997,121599.99999999997,121599.99999999997,121599.99999999997,121599.99999999997,121599.99999999997,121599.99999999997,121599.99999999997,121599.99999999997,121599.99999999997,121599.99999999997,121599.99999999997,121599.99999999997,121599.99999999997,121599.99999999997,121599.99999999997,121599.99999999997,121599.99999999997,121599.99999999997,121599.99999999997,121599.99999999997,121599.99999999997,121599.99999999997,121599.99999999997,121599.99999999997,121599.99999999997,121599.99999999997,121599.99999999997,121599.99999999997,121599.99999999997,121599.99999999997,121599.99999999997,121599.99999999997,121599.99999999997,121599.99999999997,121599.99999999997,121599.99999999997,121599.99999999997,121599.99999999997,121599.99999999997,121599.99999999997,121599.99999999997,121599.99999999997,121599.99999999997,121599.99999999997,121599.99999999997,121599.99999999997,121599.99999999997,121599.99999999997,121599.99999999997,121599.99999999997,121599.99999999997,121599.99999999997,121599.99999999997,121599.99999999997,121599.99999999997,121599.99999999997,121599.99999999997,121599.99999999997,121599.99999999997,121599.99999999997,121599.99999999997,121599.99999999997,121599.99999999997,121599.99999999997,121599.99999999997,121599.99999999997,121599.99999999997,121599.99999999997,121599.99999999997,121599.99999999997,121599.99999999997,121599.99999999997,121599.99999999997,121599.99999999997,121599.99999999997,121599.99999999997,121599.99999999997,121599.99999999997,121599.99999999997,121599.99999999997,121599.99999999997,121599.99999999997,121599.99999999997,121599.99999999997,121599.99999999997,121599.99999999997,121599.99999999997,121599.99999999997,121599.99999999997,121599.99999999997,121599.99999999997,121599.99999999997,121599.99999999997,121599.99999999997,121599.99999999997,121599.99999999997,121599.99999999997,121599.99999999997,121599.99999999997,121599.99999999997,121599.99999999997,121599.99999999997,121599.99999999997,121599.99999999997,121599.99999999997,121599.99999999997,121599.99999999997,121599.99999999997,121599.99999999997,121599.99999999997,121599.99999999997,121599.99999999997,121599.99999999997,121599.99999999997,121599.99999999997,121599.99999999997,121599.99999999997,121599.99999999997,121599.99999999997,121599.99999999997,121599.99999999997,121599.99999999997,121599.99999999997,121599.99999999997,121599.99999999997,121599.99999999997,121599.99999999997,121599.99999999997,121599.99999999997,121599.99999999997,121599.99999999997,121599.99999999997,121599.99999999997,121599.99999999997,121599.99999999997,121599.99999999997,121599.99999999997,121599.99999999997,121599.99999999997,121599.99999999997,121599.99999999997,121599.99999999997,121599.99999999997,121599.99999999997,121599.99999999997,121599.99999999997,121599.99999999997,121599.99999999997,121599.99999999997,121599.99999999997,121599.99999999997,121599.99999999997,121599.99999999997,121599.99999999997,121599.99999999997,121599.99999999997,121599.99999999997,121599.99999999997,121599.99999999997,121599.99999999997,121599.99999999997,121599.99999999997,121599.99999999997,121599.99999999997,121599.99999999997,121599.99999999997,121599.99999999997,121599.99999999997,121599.99999999997,121599.99999999997,121599.99999999997,121599.99999999997,121599.99999999997,121599.99999999997,121599.99999999997,121599.99999999997,121599.99999999997,121599.99999999997,121599.99999999997,121599.99999999997,121599.99999999997,121599.99999999997,121599.99999999997,121599.99999999997,121599.99999999997,121599.99999999997,121599.99999999997,121599.99999999997,121599.99999999997,121599.99999999997,121599.99999999997,121599.99999999997,121599.99999999997,121599.99999999997,121599.99999999997,121599.99999999997,121599.99999999997,121599.99999999997,121599.99999999997,121599.99999999997,121599.99999999997,121599.99999999997,121599.99999999997,121599.99999999997,121599.99999999997,121599.99999999997,121599.99999999997,121599.99999999997,121599.99999999997,121599.99999999997,121599.99999999997,121599.99999999997,121599.99999999997,121599.99999999997,121599.99999999997,121599.99999999997,121599.99999999997,121599.99999999997,121599.99999999997,121599.99999999997,121599.99999999997,121599.99999999997,121599.99999999997,121599.99999999997,121599.99999999997,121599.99999999997,121599.99999999997,121599.99999999997,121599.99999999997,121599.99999999997,121599.99999999997,121599.99999999997,121599.99999999997,121599.99999999997,121599.99999999997,121599.99999999997,121599.99999999997,121599.99999999997,121599.99999999997,121599.99999999997,121599.99999999997,121599.99999999997,121599.99999999997,121599.99999999997,121599.99999999997,121599.99999999997,121599.99999999997,121599.99999999997,121599.99999999997,121599.99999999997,121599.99999999997,121599.99999999997,121599.99999999997,121599.99999999997,121599.99999999997,121599.99999999997,121599.99999999997,121599.99999999997,121599.99999999997,121599.99999999997,121599.99999999997,121599.99999999997,121599.99999999997,121599.99999999997,121599.99999999997,121599.99999999997,121599.99999999997,121599.99999999997,121599.99999999997,121599.99999999997,121599.99999999997,121599.99999999997,121599.99999999997,121599.99999999997,121599.99999999997,121599.99999999997,121599.99999999997,121599.99999999997,121599.99999999997,121599.99999999997,121599.99999999997,121599.99999999997,121599.99999999997,121599.99999999997,121599.99999999997,121599.99999999997,121599.99999999997,121599.99999999997,121599.99999999997,121599.99999999997,121599.99999999997,121599.99999999997,121599.99999999997,121599.99999999997,121599.99999999997,121599.99999999997,121599.99999999997,121599.99999999997,121599.99999999997,121599.99999999997,121599.99999999997,121599.99999999997,121599.99999999997,121599.99999999997,121599.99999999997,121599.99999999997,121599.99999999997,121599.99999999997,121599.99999999997,121599.99999999997,121599.99999999997,121599.99999999997,121599.99999999997,121599.99999999997,121599.99999999997,121599.99999999997,121599.99999999997,121599.99999999997,121599.99999999997,121599.99999999997,121599.99999999997,121599.99999999997,121599.99999999997,121599.99999999997,121599.99999999997,121599.99999999997,121599.99999999997,121599.99999999997,121599.99999999997,121599.99999999997,121599.99999999997,121599.99999999997,121599.99999999997,121599.99999999997,121599.99999999997,121599.99999999997,121599.99999999997,121599.99999999997,121599.99999999997,121599.99999999997,121599.99999999997,121599.99999999997,121599.99999999997,121599.99999999997,121599.99999999997,121599.99999999997,121599.99999999997,121599.99999999997,121599.99999999997,121599.99999999997,121599.99999999997,121599.99999999997,121599.99999999997,121599.99999999997,121599.99999999997,121599.99999999997,121599.99999999997,121599.99999999997,121599.99999999997,121599.99999999997,121599.99999999997,121599.99999999997,121599.99999999997,121599.99999999997,121599.99999999997,121599.99999999997,121599.99999999997,121599.99999999997,121599.99999999997,121599.99999999997,121599.99999999997,121599.99999999997,121599.99999999997,121599.99999999997,121599.99999999997,121599.99999999997,121599.99999999997,121599.99999999997,121599.99999999997,121599.99999999997,121599.99999999997,121599.99999999997,121599.99999999997,121599.99999999997,121599.99999999997,121599.99999999997,121599.99999999997,121599.99999999997,121599.99999999997,121599.99999999997,121599.99999999997,121599.99999999997,121599.99999999997,121599.99999999997,121599.99999999997,121599.99999999997,121599.99999999997,121599.99999999997,121599.99999999997,121599.99999999997,121599.99999999997,121599.99999999997,121599.99999999997,121599.99999999997,121599.99999999997,121599.99999999997,121599.99999999997,121599.99999999997,121599.99999999997,121599.99999999997,121599.99999999997,121599.99999999997,121599.99999999997,121599.99999999997,121599.99999999997,121599.99999999997,121599.99999999997,121599.99999999997,121599.99999999997,121599.99999999997,121599.99999999997,121599.99999999997,121599.99999999997,121599.99999999997,121599.99999999997,121599.99999999997,121599.99999999997,121599.99999999997,121599.99999999997,121599.99999999997,121599.99999999997,121599.99999999997,121599.99999999997,121599.99999999997,121599.99999999997,121599.99999999997,121599.99999999997,121599.99999999997,121599.99999999997,121599.99999999997,121599.99999999997,121599.99999999997,121599.99999999997,121599.99999999997,121599.99999999997,121599.99999999997,121599.99999999997,121599.99999999997,121599.99999999997,121599.99999999997,121599.99999999997,121599.99999999997,121599.99999999997,121599.99999999997
Firm 1 CostWater,0.0,0.0,0.0,0.0,0.0,0.0,0.0,0.0,0.0,0.0,0.0,0.0,0.0,0.0,0.0,0.0,0.0,0.0,0.0,0.0,0.0,0.0,0.0,0.0,0.0,0.0,0.0,0.0,0.0,0.0,0.0,0.0,0.0,0.0,0.0,0.0,0.0,0.0,0.0,0.0,0.0,0.0,0.0,0.0,0.0,0.0,0.0,0.0,0.0,0.0,0.0,0.0,0.0,0.0,0.0,0.0,0.0,0.0,0.0,0.0,0.0,0.0,0.0,0.0,0.0,0.0,0.0,0.0,0.0,0.0,0.0,0.0,0.0,0.0,0.0,0.0,0.0,0.0,0.0,0.0,0.0,0.0,0.0,0.0,0.0,0.0,0.0,0.0,0.0,0.0,0.0,0.0,0.0,0.0,0.0,0.0,0.0,0.0,0.0,0.0,0.0,0.0,0.0,0.0,0.0,0.0,0.0,0.0,0.0,0.0,0.0,0.0,0.0,0.0,0.0,0.0,0.0,0.0,0.0,0.0,0.0,0.0,0.0,0.0,0.0,0.0,0.0,0.0,0.0,0.0,0.0,0.0,0.0,0.0,0.0,0.0,0.0,0.0,0.0,0.0,0.0,0.0,0.0,0.0,0.0,0.0,0.0,0.0,0.0,0.0,0.0,0.0,0.0,0.0,0.0,0.0,0.0,0.0,0.0,0.0,0.0,0.0,0.0,0.0,0.0,0.0,0.0,0.0,0.0,0.0,0.0,0.0,0.0,0.0,0.0,0.0,0.0,0.0,0.0,0.0,0.0,0.0,0.0,0.0,0.0,0.0,0.0,0.0,0.0,0.0,0.0,0.0,0.0,0.0,0.0,0.0,0.0,0.0,0.0,0.0,0.0,0.0,0.0,0.0,0.0,0.0,0.0,0.0,0.0,0.0,0.0,0.0,0.0,0.0,0.0,0.0,0.0,0.0,0.0,0.0,0.0,0.0,0.0,0.0,0.0,0.0,0.0,0.0,0.0,0.0,0.0,0.0,0.0,0.0,0.0,0.0,0.0,0.0,0.0,0.0,0.0,0.0,0.0,0.0,0.0,0.0,0.0,0.0,0.0,0.0,0.0,0.0,0.0,0.0,0.0,0.0,0.0,0.0,0.0,0.0,0.0,0.0,0.0,0.0,0.0,0.0,0.0,0.0,0.0,0.0,0.0,0.0,0.0,0.0,0.0,0.0,0.0,0.0,0.0,0.0,0.0,0.0,0.0,0.0,0.0,0.0,0.0,0.0,0.0,0.0,0.0,0.0,0.0,0.0,0.0,0.0,0.0,0.0,0.0,0.0,0.0,0.0,0.0,0.0,0.0,0.0,0.0,0.0,0.0,0.0,0.0,0.0,0.0,0.0,0.0,0.0,0.0,0.0,0.0,0.0,0.0,0.0,0.0,0.0,0.0,0.0,0.0,0.0,0.0,0.0,0.0,0.0,0.0,0.0,0.0,0.0,0.0,0.0,0.0,0.0,0.0,0.0,0.0,0.0,0.0,0.0,0.0,0.0,0.0,0.0,0.0,0.0,0.0,0.0,0.0,0.0,0.0,0.0,0.0,0.0,0.0,0.0,0.0,0.0,0.0,0.0,0.0,0.0,0.0,0.0,0.0,0.0,0.0,0.0,0.0,0.0,0.0,0.0,0.0,0.0,0.0,0.0,0.0,0.0,0.0,0.0,0.0,0.0,0.0,0.0,0.0,0.0,0.0,0.0,0.0,0.0,0.0,0.0,0.0,0.0,0.0,0.0,0.0,0.0,0.0,0.0,0.0,0.0,0.0,0.0,0.0,0.0,0.0,0.0,0.0,0.0,0.0,0.0,0.0,0.0,0.0,0.0,0.0,0.0,0.0,0.0,0.0,0.0,0.0,0.0,0.0,0.0,0.0,0.0,0.0,0.0,0.0,0.0,0.0,0.0,0.0,0.0,0.0,0.0,0.0,0.0,0.0,0.0,0.0,0.0,0.0,0.0,0.0,0.0,0.0,0.0,0.0,0.0,0.0,0.0,0.0,0.0,0.0,0.0,0.0,0.0,0.0,0.0,0.0,0.0,0.0,0.0,0.0,0.0,0.0,0.0,0.0,0.0,0.0,0.0,0.0,0.0,0.0,0.0,0.0,0.0,0.0,0.0,0.0,0.0,0.0,0.0,0.0,0.0,0.0,0.0,0.0,0.0,0.0,0.0
Firm 2 CostWater,0.0,0.0,0.0,0.0,0.0,0.0,0.0,0.0,0.0,0.0,0.0,0.0,0.0,0.0,0.0,0.0,0.0,0.0,0.0,0.0,0.0,0.0,0.0,0.0,0.0,0.0,0.0,0.0,0.0,0.0,0.0,0.0,0.0,0.0,0.0,0.0,0.0,0.0,0.0,0.0,0.0,0.0,0.0,0.0,0.0,0.0,0.0,0.0,0.0,0.0,0.0,0.0,0.0,0.0,0.0,0.0,0.0,0.0,0.0,0.0,0.0,0.0,0.0,0.0,0.0,0.0,0.0,0.0,0.0,0.0,0.0,0.0,0.0,0.0,0.0,0.0,0.0,0.0,0.0,0.0,0.0,0.0,0.0,0.0,0.0,0.0,0.0,0.0,0.0,0.0,0.0,0.0,0.0,0.0,0.0,0.0,0.0,0.0,0.0,0.0,0.0,0.0,0.0,0.0,0.0,0.0,0.0,0.0,0.0,0.0,0.0,0.0,0.0,0.0,0.0,0.0,0.0,0.0,0.0,0.0,0.0,0.0,0.0,0.0,0.0,0.0,0.0,0.0,0.0,0.0,0.0,0.0,0.0,0.0,0.0,0.0,0.0,0.0,0.0,0.0,0.0,0.0,0.0,0.0,0.0,0.0,0.0,0.0,0.0,0.0,0.0,0.0,0.0,0.0,0.0,0.0,0.0,0.0,0.0,0.0,0.0,0.0,0.0,0.0,0.0,0.0,0.0,0.0,0.0,0.0,0.0,0.0,0.0,0.0,0.0,0.0,0.0,0.0,0.0,0.0,0.0,0.0,0.0,0.0,0.0,0.0,0.0,0.0,0.0,0.0,0.0,0.0,0.0,0.0,0.0,0.0,0.0,0.0,0.0,0.0,0.0,0.0,0.0,0.0,0.0,0.0,0.0,0.0,0.0,0.0,0.0,0.0,0.0,0.0,0.0,0.0,0.0,0.0,0.0,0.0,0.0,0.0,0.0,0.0,0.0,0.0,0.0,0.0,0.0,0.0,0.0,0.0,0.0,0.0,0.0,0.0,0.0,0.0,0.0,0.0,0.0,0.0,0.0,0.0,0.0,0.0,0.0,0.0,0.0,0.0,0.0,0.0,0.0,0.0,0.0,0.0,0.0,0.0,0.0,0.0,0.0,0.0,0.0,0.0,0.0,0.0,0.0,0.0,0.0,0.0,0.0,0.0,0.0,0.0,0.0,0.0,0.0,0.0,0.0,0.0,0.0,0.0,0.0,0.0,0.0,0.0,0.0,0.0,0.0,0.0,0.0,0.0,0.0,0.0,0.0,0.0,0.0,0.0,0.0,0.0,0.0,0.0,0.0,0.0,0.0,0.0,0.0,0.0,0.0,0.0,0.0,0.0,0.0,0.0,0.0,0.0,0.0,0.0,0.0,0.0,0.0,0.0,0.0,0.0,0.0,0.0,0.0,0.0,0.0,0.0,0.0,0.0,0.0,0.0,0.0,0.0,0.0,0.0,0.0,0.0,0.0,0.0,0.0,0.0,0.0,0.0,0.0,0.0,0.0,0.0,0.0,0.0,0.0,0.0,0.0,0.0,0.0,0.0,0.0,0.0,0.0,0.0,0.0,0.0,0.0,0.0,0.0,0.0,0.0,0.0,0.0,0.0,0.0,0.0,0.0,0.0,0.0,0.0,0.0,0.0,0.0,0.0,0.0,0.0,0.0,0.0,0.0,0.0,0.0,0.0,0.0,0.0,0.0,0.0,0.0,0.0,0.0,0.0,0.0,0.0,0.0,0.0,0.0,0.0,0.0,0.0,0.0,0.0,0.0,0.0,0.0,0.0,0.0,0.0,0.0,0.0,0.0,0.0,0.0,0.0,0.0,0.0,0.0,0.0,0.0,0.0,0.0,0.0,0.0,0.0,0.0,0.0,0.0,0.0,0.0,0.0,0.0,0.0,0.0,0.0,0.0,0.0,0.0,0.0,0.0,0.0,0.0,0.0,0.0,0.0,0.0,0.0,0.0,0.0,0.0,0.0,0.0,0.0,0.0,0.0,0.0,0.0,0.0,0.0,0.0,0.0,0.0,0.0,0.0,0.0,0.0,0.0,0.0,0.0,0.0,0.0,0.0,0.0,0.0,0.0,0.0,0.0,0.0,0.0,0.0,0.0,0.0,0.0,0.0,0.0,0.0,0.0,0.0,0.0,0.0,0.0,0.0,0.0,0.0,0.0
Firm 3 CostWater,0.0,0.0,0.0,0.0,0.0,0.0,0.0,0.0,0.0,0.0,0.0,0.0,0.0,0.0,0.0,0.0,0.0,0.0,0.0,0.0,0.0,0.0,0.0,0.0,0.0,0.0,0.0,0.0,0.0,0.0,0.0,0.0,0.0,0.0,0.0,0.0,0.0,0.0,0.0,0.0,0.0,0.0,0.0,0.0,0.0,0.0,0.0,0.0,0.0,0.0,0.0,0.0,0.0,0.0,0.0,0.0,0.0,0.0,0.0,0.0,0.0,0.0,0.0,0.0,0.0,0.0,0.0,0.0,0.0,0.0,0.0,0.0,0.0,0.0,0.0,0.0,0.0,0.0,0.0,0.0,0.0,0.0,0.0,0.0,0.0,0.0,0.0,0.0,0.0,0.0,0.0,0.0,0.0,0.0,0.0,0.0,0.0,0.0,0.0,0.0,0.0,0.0,0.0,0.0,0.0,0.0,0.0,0.0,0.0,0.0,0.0,0.0,0.0,0.0,0.0,0.0,0.0,0.0,0.0,0.0,0.0,0.0,0.0,0.0,0.0,0.0,0.0,0.0,0.0,0.0,0.0,0.0,0.0,0.0,0.0,0.0,0.0,0.0,0.0,0.0,0.0,0.0,0.0,0.0,0.0,0.0,0.0,0.0,0.0,0.0,0.0,0.0,0.0,0.0,0.0,0.0,0.0,0.0,0.0,0.0,0.0,0.0,0.0,0.0,0.0,0.0,0.0,0.0,0.0,0.0,0.0,0.0,0.0,0.0,0.0,0.0,0.0,0.0,0.0,0.0,0.0,0.0,0.0,0.0,0.0,0.0,0.0,0.0,0.0,0.0,0.0,0.0,0.0,0.0,0.0,0.0,0.0,0.0,0.0,0.0,0.0,0.0,0.0,0.0,0.0,0.0,0.0,0.0,0.0,0.0,0.0,0.0,0.0,0.0,0.0,0.0,0.0,0.0,0.0,0.0,0.0,0.0,0.0,0.0,0.0,0.0,0.0,0.0,0.0,0.0,0.0,0.0,0.0,0.0,0.0,0.0,0.0,0.0,0.0,0.0,0.0,0.0,0.0,0.0,0.0,0.0,0.0,0.0,0.0,0.0,0.0,0.0,0.0,0.0,0.0,0.0,0.0,0.0,0.0,0.0,0.0,0.0,0.0,0.0,0.0,0.0,0.0,0.0,0.0,0.0,0.0,0.0,0.0,0.0,0.0,0.0,0.0,0.0,0.0,0.0,0.0,0.0,0.0,0.0,0.0,0.0,0.0,0.0,0.0,0.0,0.0,0.0,0.0,0.0,0.0,0.0,0.0,0.0,0.0,0.0,0.0,0.0,0.0,0.0,0.0,0.0,0.0,0.0,0.0,0.0,0.0,0.0,0.0,0.0,0.0,0.0,0.0,0.0,0.0,0.0,0.0,0.0,0.0,0.0,0.0,0.0,0.0,0.0,0.0,0.0,0.0,0.0,0.0,0.0,0.0,0.0,0.0,0.0,0.0,0.0,0.0,0.0,0.0,0.0,0.0,0.0,0.0,0.0,0.0,0.0,0.0,0.0,0.0,0.0,0.0,0.0,0.0,0.0,0.0,0.0,0.0,0.0,0.0,0.0,0.0,0.0,0.0,0.0,0.0,0.0,0.0,0.0,0.0,0.0,0.0,0.0,0.0,0.0,0.0,0.0,0.0,0.0,0.0,0.0,0.0,0.0,0.0,0.0,0.0,0.0,0.0,0.0,0.0,0.0,0.0,0.0,0.0,0.0,0.0,0.0,0.0,0.0,0.0,0.0,0.0,0.0,0.0,0.0,0.0,0.0,0.0,0.0,0.0,0.0,0.0,0.0,0.0,0.0,0.0,0.0,0.0,0.0,0.0,0.0,0.0,0.0,0.0,0.0,0.0,0.0,0.0,0.0,0.0,0.0,0.0,0.0,0.0,0.0,0.0,0.0,0.0,0.0,0.0,0.0,0.0,0.0,0.0,0.0,0.0,0.0,0.0,0.0,0.0,0.0,0.0,0.0,0.0,0.0,0.0,0.0,0.0,0.0,0.0,0.0,0.0,0.0,0.0,0.0,0.0,0.0,0.0,0.0,0.0,0.0,0.0,0.0,0.0,0.0,0.0,0.0,0.0,0.0,0.0,0.0,0.0,0.0,0.0,0.0,0.0,0.0,0.0,0.0,0.0,0.0,0.0,0.0,0.0,0.0,0.0,0.0
Firm 4 CostWater,0.0,0.0,0.0,0.0,0.0,0.0,0.0,0.0,0.0,0.0,0.0,0.0,0.0,0.0,0.0,0.0,0.0,0.0,0.0,0.0,0.0,0.0,0.0,0.0,0.0,0.0,0.0,0.0,0.0,0.0,0.0,0.0,0.0,0.0,0.0,0.0,0.0,0.0,0.0,0.0,0.0,0.0,0.0,0.0,0.0,0.0,0.0,0.0,0.0,0.0,0.0,0.0,0.0,0.0,0.0,0.0,0.0,0.0,0.0,0.0,0.0,0.0,0.0,0.0,0.0,0.0,0.0,0.0,0.0,0.0,0.0,0.0,0.0,0.0,0.0,0.0,0.0,0.0,0.0,0.0,0.0,0.0,0.0,0.0,0.0,0.0,0.0,0.0,0.0,0.0,0.0,0.0,0.0,0.0,0.0,0.0,0.0,0.0,0.0,0.0,0.0,0.0,0.0,0.0,0.0,0.0,0.0,0.0,0.0,0.0,0.0,0.0,0.0,0.0,0.0,0.0,0.0,0.0,0.0,0.0,0.0,0.0,0.0,0.0,0.0,0.0,0.0,0.0,0.0,0.0,0.0,0.0,0.0,0.0,0.0,0.0,0.0,0.0,0.0,0.0,0.0,0.0,0.0,0.0,0.0,0.0,0.0,0.0,0.0,0.0,0.0,0.0,0.0,0.0,0.0,0.0,0.0,0.0,0.0,0.0,0.0,0.0,0.0,0.0,0.0,0.0,0.0,0.0,0.0,0.0,0.0,0.0,0.0,0.0,0.0,0.0,0.0,0.0,0.0,0.0,0.0,0.0,0.0,0.0,0.0,0.0,0.0,0.0,0.0,0.0,0.0,0.0,0.0,0.0,0.0,0.0,0.0,0.0,0.0,0.0,0.0,0.0,0.0,0.0,0.0,0.0,0.0,0.0,0.0,0.0,0.0,0.0,0.0,0.0,0.0,0.0,0.0,0.0,0.0,0.0,0.0,0.0,0.0,0.0,0.0,0.0,0.0,0.0,0.0,0.0,0.0,0.0,0.0,0.0,0.0,0.0,0.0,0.0,0.0,0.0,0.0,0.0,0.0,0.0,0.0,0.0,0.0,0.0,0.0,0.0,0.0,0.0,0.0,0.0,0.0,0.0,0.0,0.0,0.0,0.0,0.0,0.0,0.0,0.0,0.0,0.0,0.0,0.0,0.0,0.0,0.0,0.0,0.0,0.0,0.0,0.0,0.0,0.0,0.0,0.0,0.0,0.0,0.0,0.0,0.0,0.0,0.0,0.0,0.0,0.0,0.0,0.0,0.0,0.0,0.0,0.0,0.0,0.0,0.0,0.0,0.0,0.0,0.0,0.0,0.0,0.0,0.0,0.0,0.0,0.0,0.0,0.0,0.0,0.0,0.0,0.0,0.0,0.0,0.0,0.0,0.0,0.0,0.0,0.0,0.0,0.0,0.0,0.0,0.0,0.0,0.0,0.0,0.0,0.0,0.0,0.0,0.0,0.0,0.0,0.0,0.0,0.0,0.0,0.0,0.0,0.0,0.0,0.0,0.0,0.0,0.0,0.0,0.0,0.0,0.0,0.0,0.0,0.0,0.0,0.0,0.0,0.0,0.0,0.0,0.0,0.0,0.0,0.0,0.0,0.0,0.0,0.0,0.0,0.0,0.0,0.0,0.0,0.0,0.0,0.0,0.0,0.0,0.0,0.0,0.0,0.0,0.0,0.0,0.0,0.0,0.0,0.0,0.0,0.0,0.0,0.0,0.0,0.0,0.0,0.0,0.0,0.0,0.0,0.0,0.0,0.0,0.0,0.0,0.0,0.0,0.0,0.0,0.0,0.0,0.0,0.0,0.0,0.0,0.0,0.0,0.0,0.0,0.0,0.0,0.0,0.0,0.0,0.0,0.0,0.0,0.0,0.0,0.0,0.0,0.0,0.0,0.0,0.0,0.0,0.0,0.0,0.0,0.0,0.0,0.0,0.0,0.0,0.0,0.0,0.0,0.0,0.0,0.0,0.0,0.0,0.0,0.0,0.0,0.0,0.0,0.0,0.0,0.0,0.0,0.0,0.0,0.0,0.0,0.0,0.0,0.0,0.0,0.0,0.0,0.0,0.0,0.0,0.0,0.0,0.0,0.0,0.0,0.0,0.0,0.0,0.0,0.0,0.0,0.0,0.0,0.0,0.0,0.0,0.0,0.0,0.0,0.0,0.0,0.0,0.0
Firm 0 Backlog,99.0,99.8,99.3,99.3,99.1,99.7,100.3,100.2,99.3,99.5,100.1,99.7,98.9,98.9,99.3,99.6,99.7,100.1,99.3,99.6,99.1,99.7,99.6,100.0,99.4,100.2,99.3,99.2,99.1,99.0,99.6,99.3,99.6,99.5,99.6,99.7,100.0,100.0,100.2,99.6,99.9,99.3,100.2,100.0,100.0,99.1,99.7,99.0,99.6,99.8,99.9,99.1,99.5,98.7,99.5,99.3,99.1,99.9,99.3,99.2,99.7,99.4,100.1,98.9,99.7,99.6,99.8,99.2,99.8,99.3,99.4,99.4,99.8,98.9,99.3,99.5,99.9,99.3,99.1,99.8,100.3,99.6,99.1,99.3,99.1,99.7,100.1,99.0,98.9,99.7,99.5,99.7,99.8,99.2,98.9,99.6,99.4,99.9,98.9,100.1,99.0,99.9,99.4,99.2,99.7,100.1,99.0,99.9,99.3,100.1,99.4,99.6,99.7,100.3,99.7,99.4,99.8,99.2,99.4,99.7,99.6,99.0,100.4,99.7,99.2,99.7,99.4,99.7,99.8,99.8,99.7,100.3,99.1,99.5,98.7,99.8,99.6,99.7,99.6,98.8,99.8,99.7,98.9,99.2,99.6,99.3,99.9,99.5,99.5,98.8,99.4,99.2,99.5,99.2,99.5,99.2,99.1,100.0,100.5,99.9,99.4,99.5,99.3,99.3,98.7,99.5,98.7,98.9,99.4,99.3,99.3,99.7,99.1,98.5,99.5,99.6,99.8,99.5,99.8,99.6,99.4,99.1,99.7,99.5,99.6,99.4,99.6,99.4,99.7,99.6,99.2,99.6,100.1,99.3,99.4,99.4,100.1,99.9,100.2,99.0,99.2,99.5,100.1,99.5,100.0,100.4,99.6,99.4,99.8,99.4,100.3,99.1,99.6,98.9,99.6,100.0,99.6,100.0,99.7,99.5,99.8,99.2,99.6,99.2,99.5,99.0,99.8,98.6,99.3,99.2,99.8,99.2,99.6,99.8,99.3,99.7,99.5,99.6,99.8,99.7,99.6,100.0,99.2,99.2,99.4,99.4,98.9,99.2,100.1,98.8,100.0,99.9,99.3,99.4,99.9,99.7,99.5,99.5,99.6,99.5,99.6,99.8,99.8,100.2,99.2,98.7,99.2,100.2,99.7,99.6,99.0,99.4,99.1,98.9,99.3,99.6,98.9,99.2,99.2,99.3,99.2,98.9,99.7,99.2,99.1,99.6,99.5,99.4,99.5,99.4,99.0,99.1,99.1,99.7,99.3,99.6,99.8,99.0,99.2,99.4,99.0,99.4,99.2,99.6,99.9,99.4,100.3,99.8,99.9,99.6,99.6,99.5,99.4,99.2,99.8,98.9,99.7,99.6,99.7,99.1,99.9,99.4,99.7,99.4,99.6,99.3,99.7,99.6,99.2,99.5,99.7,99.3,100.0,98.5,100.1,99.9,99.2,99.1,100.2,99.7,99.7,99.9,99.0,99.8,99.6,99.3,99.8,99.5,99.6,99.7,99.2,99.9,99.7,99.6,100.4,99.0,99.6,99.7,100.2,99.4,99.6,100.0,99.3,99.6,99.2,99.0,99.3,99.2,99.2,99.6,99.9,99.8,99.1,99.5,99.5,99.4,99.5,99.6,99.8,99.8,99.9,99.5,99.6,99.5,99.4,99.6,99.4,100.1,98.8,99.6,99.7,98.6,99.6,99.5,99.1,99.6,99.3,100.4,99.6,99.6,100.3,99.6,99.4,99.0,99.7,99.8,99.2,99.6,99.6,99.9,99.5,99.0,99.2,99.5,99.1,100.0,99.6,99.1,99.3,99.1,99.4,99.5,99.7,99.2,100.2,98.8,98.7,99.1,99.6,99.5,99.0,99.0,99.6,99.8,99.6,100.0,99.6,99.4,99.3,99.5,99.2,99.9,99.7,99.8,99.1,99.5,98.9,99.7,99.6,99.7,99.3,99.5,100.1,99.3,99.5,99.6,99.2,99.1,99.4,99.3,99.3,99.5,99.6,100.0,99.5,100.1,99.3,99.3,99.8,99.1,99.5,99.3,99.4,99.4,99.4,99.6,99.4,99.0,99.4,99.6,98.8,99.9,99.5,100.2,99.6,99.5,99.8,99.5,100.0,99.7,99.1,99.0,99.5,99.6,99.8,99.8,99.7,99.4,100.2,99.2
Firm 1 Backlog,97.4,99.7,99.1,99.2,99.1,99.7,100.7,100.6,98.7,98.9,100.4,99.3,98.2,98.7,99.2,100.3,100.6,100.6,98.8,100.1,98.7,99.5,99.3,100.5,99.7,101.7,99.8,99.0,99.2,99.0,100.2,99.3,100.1,99.5,100.6,99.2,100.8,100.7,101.1,99.9,99.9,99.1,101.0,101.2,101.3,98.6,100.2,98.8,99.7,100.4,100.1,99.1,100.2,98.4,100.8,98.9,98.9,100.6,99.5,99.2,99.5,99.3,100.4,98.4,100.0,100.0,100.5,99.0,100.0,99.7,99.4,99.8,99.6,98.6,99.6,99.7,100.5,99.6,99.0,100.5,100.7,99.6,98.7,99.6,99.0,100.4,101.4,98.7,98.9,100.1,99.8,100.1,99.7,99.0,98.8,100.4,99.1,100.1,98.2,100.8,98.7,100.5,99.0,99.3,100.5,101.5,98.3,100.2,99.4,100.2,99.2,99.7,99.5,101.1,100.2,98.8,100.5,98.5,99.4,99.8,99.4,99.0,101.9,99.4,98.4,100.9,99.0,100.0,100.3,100.0,99.6,101.9,98.1,99.7,98.5,100.3,100.2,101.0,99.9,99.2,100.2,99.3,98.6,98.7,100.4,99.5,100.6,99.7,98.7,98.3,100.2,99.1,100.5,99.1,100.4,99.2,100.8,99.5,102.3,100.0,99.3,99.4,98.9,99.6,98.6,99.4,99.0,99.3,99.7,99.4,99.2,99.9,98.7,98.4,99.9,100.1,100.2,99.7,100.2,99.9,100.1,99.0,99.7,99.7,100.0,99.4,99.9,99.7,100.1,100.2,99.0,99.8,100.5,99.4,98.9,99.4,100.5,100.4,100.6,98.5,99.6,102.2,99.7,100.0,100.1,101.5,99.5,100.2,99.5,99.3,101.1,99.4,99.8,98.5,100.0,100.8,99.2,101.0,99.4,99.4,100.0,98.8,99.5,99.3,100.3,98.7,100.5,97.9,99.6,99.4,99.8,99.2,99.4,100.1,100.3,100.0,99.3,101.1,100.1,101.0,99.4,100.3,98.9,100.5,99.4,100.4,99.3,99.8,100.7,98.3,100.7,100.8,99.0,99.3,100.7,99.5,99.0,99.8,99.4,100.2,99.9,100.3,99.8,101.1,99.2,98.1,99.8,101.1,99.6,99.5,98.8,100.7,98.9,98.8,99.0,100.1,99.2,99.6,98.9,99.0,99.4,98.4,101.1,99.0,99.2,99.7,99.9,99.1,99.5,99.6,98.1,99.6,98.9,99.7,99.7,100.3,100.3,99.0,99.2,99.4,98.8,99.4,99.5,100.1,101.1,100.1,100.7,99.8,100.2,99.4,100.0,99.2,99.7,99.1,99.9,98.6,100.3,99.5,99.6,98.8,100.4,99.9,100.6,99.0,99.7,99.8,100.2,99.5,98.8,99.8,99.9,99.0,100.9,97.9,100.4,100.5,99.1,98.9,100.8,99.7,99.4,100.4,98.2,100.3,99.8,99.4,99.9,99.9,99.5,99.8,98.8,99.9,100.4,100.2,100.9,99.7,98.9,99.7,101.0,98.8,99.5,101.1,98.9,100.6,98.8,98.6,100.4,99.2,99.2,100.0,100.5,99.9,98.4,100.1,99.3,100.8,99.6,99.9,100.1,100.3,101.0,99.5,99.8,100.0,99.9,99.8,99.1,101.0,98.1,100.1,99.9,98.3,99.9,100.2,98.9,99.8,99.6,100.9,99.6,99.7,100.3,99.2,99.4,98.8,100.4,99.9,99.9,99.7,100.4,100.4,99.3,98.2,98.6,100.2,99.0,100.4,99.8,98.9,99.3,99.1,99.0,99.5,100.1,99.0,101.2,98.5,98.1,100.6,99.3,101.1,98.9,99.6,99.7,101.0,99.7,99.8,99.6,99.3,99.3,99.3,99.0,100.3,100.1,100.1,98.7,99.5,98.4,100.2,99.7,99.7,99.4,99.5,101.1,99.0,99.9,99.7,99.5,99.0,99.6,99.2,100.5,100.0,99.9,100.3,99.7,100.3,98.5,99.0,100.2,98.9,100.0,99.7,99.8,99.3,100.1,99.3,99.2,99.0,99.4,100.0,98.5,100.5,99.2,101.3,100.1,99.3,100.8,99.5,101.0,99.2,99.2,98.8,100.4,99.2,100.0,99.8,99.8,99.6,100.4,98.5
Firm 2 Backlog,47.4,49.9,49.5,49.8,49.7,50.5,50.7,50.9,49.3,48.6,51.0,49.5,49.5,49.7,51.2,51.1,51.8,51.0,49.9,50.8,49.1,49.7,50.2,51.8,51.4,52.4,50.6,50.1,49.9,49.4,50.5,49.9,51.2,50.3,52.3,50.2,50.6,50.3,51.2,50.7,50.4,50.6,52.1,51.4,51.5,49.6,50.9,50.3,50.0,50.5,51.0,50.0,51.5,49.4,50.8,50.2,49.7,50.7,50.4,49.7,50.1,50.4,51.1,50.0,50.4,50.7,51.4,50.4,49.9,50.5,49.7,50.9,50.0,50.0,50.7,51.0,50.9,50.9,49.5,50.9,51.3,50.8,49.5,50.0,50.7,50.7,51.5,48.9,50.2,50.7,50.7,50.6,51.3,49.6,50.0,51.5,49.5,50.3,49.6,51.5,49.5,52.2,49.7,50.0,50.7,52.4,49.0,50.9,50.1,50.8,49.9,50.3,49.6,51.6,51.7,49.5,51.3,49.2,50.1,50.0,50.2,49.7,52.7,50.6,49.5,51.5,50.2,50.4,50.7,51.1,49.3,53.6,48.4,50.5,49.8,51.6,50.9,51.8,50.6,50.7,51.7,49.6,49.0,49.5,51.1,50.7,51.9,51.4,50.4,48.9,51.0,48.7,51.7,49.4,52.3,49.8,52.7,48.9,52.4,50.2,50.0,50.2,50.5,50.4,49.9,50.8,49.9,51.2,50.2,50.0,49.4,50.7,49.1,50.1,50.3,50.5,51.0,50.6,51.5,50.9,50.5,49.3,50.1,50.6,50.9,50.3,50.9,51.7,50.9,51.2,49.6,50.4,50.6,50.3,49.3,50.5,51.3,51.8,51.5,49.5,49.9,51.9,49.6,50.4,50.3,52.5,49.9,51.3,49.4,50.7,51.5,49.5,50.0,50.0,50.9,51.5,49.5,51.6,49.9,50.4,49.9,50.0,49.6,50.2,51.3,50.4,51.9,48.6,50.3,50.5,50.5,50.4,51.1,51.0,51.4,51.8,48.8,51.7,49.7,52.2,49.7,52.2,49.1,52.2,49.9,51.9,50.3,50.7,51.3,49.6,50.7,51.3,50.9,49.6,51.6,49.7,50.6,50.8,49.9,50.9,50.6,50.9,50.0,51.9,50.1,49.1,50.2,52.4,50.4,51.1,49.4,51.1,49.4,49.7,49.2,51.2,50.0,50.4,50.4,50.7,51.3,48.5,51.5,49.4,49.9,50.2,50.5,49.8,50.5,50.8,48.8,50.8,49.4,50.1,50.6,51.7,50.4,50.5,50.3,50.3,50.3,49.6,50.3,50.5,52.2,50.6,51.6,49.8,51.3,50.1,50.2,49.9,50.6,50.1,50.1,49.3,50.7,50.6,50.5,50.4,51.0,51.3,51.4,49.6,50.7,50.9,50.7,50.0,50.5,50.4,51.7,49.9,51.4,49.1,51.0,51.2,49.6,49.5,51.3,50.3,49.8,51.6,48.8,51.2,50.2,49.9,49.7,51.3,50.0,50.8,50.0,51.1,50.8,51.4,50.6,50.2,50.0,50.7,51.2,49.9,50.0,52.0,49.8,51.0,50.0,48.9,50.8,50.2,49.2,51.4,50.6,51.5,48.9,51.2,49.4,51.5,49.7,50.3,51.6,51.2,51.6,49.9,50.8,50.1,50.7,50.1,49.8,51.7,49.0,51.5,49.9,49.7,49.9,50.7,49.2,50.9,50.3,51.2,49.8,50.7,50.3,50.0,49.9,49.2,51.7,50.3,51.7,49.4,51.4,50.5,49.8,48.7,49.1,51.3,49.8,51.9,50.7,51.0,49.8,50.4,49.1,50.1,51.1,50.1,52.2,50.9,48.8,52.3,49.6,51.5,49.4,50.7,50.3,51.4,49.8,50.1,50.6,49.9,50.5,49.4,50.1,50.8,51.4,50.9,49.7,49.9,49.5,50.7,50.0,50.4,50.8,51.8,51.6,49.9,50.6,50.1,50.3,49.7,51.0,49.4,51.4,50.4,50.6,50.3,50.3,50.6,48.8,50.0,50.5,50.4,50.5,51.3,51.1,50.0,50.7,49.6,49.7,49.8,50.3,50.8,50.0,51.5,50.2,52.3,51.3,49.8,51.0,49.7,51.3,49.6,50.3,49.5,51.7,49.8,50.4,50.7,50.7,50.6,50.8,49.2
Firm 3 Backlog,47.4,49.9,49.5,49.8,49.7,50.5,50.7,50.9,49.3,48.6,51.0,49.5,49.5,49.7,51.2,51.1,51.8,51.0,49.9,50.8,49.1,49.7,50.2,51.8,51.4,52.4,50.6,50.1,49.9,49.4,50.5,49.9,51.2,50.3,52.3,50.2,50.6,50.3,51.2,50.7,50.4,50.6,52.1,51.4,51.5,49.6,50.9,50.3,50.0,50.5,51.0,50.0,51.5,49.4,50.8,50.2,49.7,50.7,50.4,49.7,50.1,50.4,51.1,50.0,50.4,50.7,51.4,50.4,49.9,50.5,49.7,50.9,50.0,50.0,50.7,51.0,50.9,50.9,49.5,50.9,51.3,50.8,49.5,50.0,50.7,50.7,51.5,48.9,50.2,50.7,50.7,50.6,51.3,49.6,50.0,51.5,49.5,50.3,49.6,51.5,49.5,52.2,49.7,50.0,50.7,52.4,49.0,50.9,50.1,50.8,49.9,50.3,49.6,51.6,51.7,49.5,51.3,49.2,50.1,50.0,50.2,49.7,52.7,50.6,49.5,51.5,50.2,50.4,50.7,51.1,49.3,53.6,48.4,50.5,49.8,51.6,50.9,51.8,50.6,50.7,51.7,49.6,49.0,49.5,51.1,50.7,51.9,51.4,50.4,48.9,51.0,48.7,51.7,49.4,52.3,49.8,52.7,48.9,52.4,50.2,50.0,50.2,50.5,50.4,49.9,50.8,49.9,51.2,50.2,50.0,49.4,50.7,49.1,50.1,50.3,50.5,51.0,50.6,51.5,50.9,50.5,49.3,50.1,50.6,50.9,50.3,50.9,51.7,50.9,51.2,49.6,50.4,50.6,50.3,49.3,50.5,51.3,51.8,51.5,49.5,49.9,51.9,49.6,50.4,50.3,52.5,49.9,51.3,49.4,50.7,51.5,49.5,50.0,50.0,50.9,51.5,49.5,51.6,49.9,50.4,49.9,50.0,49.6,50.2,51.3,50.4,51.9,48.6,50.3,50.5,50.5,50.4,51.1,51.0,51.4,51.8,48.8,51.7,49.7,52.2,49.7,52.2,49.1,52.2,49.9,51.9,50.3,50.7,51.3,49.6,50.7,51.3,50.9,49.6,51.6,49.7,50.6,50.8,49.9,50.9,50.6,50.9,50.0,51.9,50.1,49.1,50.2,52.4,50.4,51.1,49.4,51.1,49.4,49.7,49.2,51.2,50.0,50.4,50.4,50.7,51.3,48.5,51.5,49.4,49.9,50.2,50.5,49.8,50.5,50.8,48.8,50.8,49.4,50.1,50.6,51.7,50.4,50.5,50.3,50.3,50.3,49.6,50.3,50.5,52.2,50.6,51.6,49.8,51.3,50.1,50.2,49.9,50.6,50.1,50.1,49.3,50.7,50.6,50.5,50.4,51.0,51.3,51.4,49.6,50.7,50.9,50.7,50.0,50.5,50.4,51.7,49.9,51.4,49.1,51.0,51.2,49.6,49.5,51.3,50.3,49.8,51.6,48.8,51.2,50.2,49.9,49.7,51.3,50.0,50.8,50.0,51.1,50.8,51.4,50.6,50.2,50.0,50.7,51.2,49.9,50.0,52.0,49.8,51.0,50.0,48.9,50.8,50.2,49.2,51.4,50.6,51.5,48.9,51.2,49.4,51.5,49.7,50.3,51.6,51.2,51.6,49.9,50.8,50.1,50.7,50.1,49.8,51.7,49.0,51.5,49.9,49.7,49.9,50.7,49.2,50.9,50.3,51.2,49.8,50.7,50.3,50.0,49.9,49.2,51.7,50.3,51.7,49.4,51.4,50.5,49.8,48.7,49.1,51.3,49.8,51.9,50.7,51.0,49.8,50.4,49.1,50.1,51.1,50.1,52.2,50.9,48.8,52.3,49.6,51.5,49.4,50.7,50.3,51.4,49.8,50.1,50.6,49.9,50.5,49.4,50.1,50.8,51.4,50.9,49.7,49.9,49.5,50.7,50.0,50.4,50.8,51.8,51.6,49.9,50.6,50.1,50.3,49.7,51.0,49.4,51.4,50.4,50.6,50.3,50.3,50.6,48.8,50.0,50.5,50.4,50.5,51.3,51.1,50.0,50.7,49.6,49.7,49.8,50.3,50.8,50.0,51.5,50.2,52.3,51.3,49.8,51.0,49.7,51.3,49.6,50.3,49.5,51.7,49.8,50.4,50.7,50.7,50.6,50.8,49.2
Firm 4 Backlog,91.6,101.0,98.2,100.3,98.9,101.5,101.5,102.2,97.8,93.0,104.1,96.4,103.4,96.5,105.1,103.1,106.3,99.3,97.4,103.1,96.2,100.7,100.6,105.4,104.7,108.5,97.7,97.3,98.8,96.6,102.3,101.2,105.0,101.5,107.3,98.1,100.7,97.3,102.1,102.9,101.6,101.1,104.6,105.1,102.7,97.4,100.5,100.6,101.0,100.3,102.2,99.2,105.2,99.5,100.3,100.1,98.2,100.7,101.1,100.0,98.7,103.1,102.6,100.5,100.1,100.9,102.6,101.7,98.1,101.1,99.2,103.7,99.2,101.4,100.6,103.9,101.9,101.8,97.3,103.0,103.1,99.8,101.4,98.2,102.8,101.2,105.1,94.4,101.9,101.7,104.0,97.9,102.3,99.0,100.6,103.3,97.6,99.5,98.2,107.8,96.6,106.3,95.8,100.7,101.1,106.6,95.2,103.2,99.4,103.3,100.8,99.3,98.7,102.9,108.1,98.3,102.7,96.0,101.9,97.6,101.8,98.1,108.4,101.9,99.9,102.5,97.6,101.9,98.5,106.3,94.2,113.4,92.6,103.0,97.6,102.7,100.9,104.5,100.9,99.3,107.2,95.2,97.7,98.0,103.5,103.5,106.5,101.6,99.9,96.0,100.9,93.9,106.4,96.5,110.1,97.8,109.8,92.5,105.3,98.6,100.1,100.8,100.9,104.5,99.3,104.4,95.8,106.1,98.2,101.3,95.6,103.4,96.0,100.4,101.3,101.1,104.6,99.5,102.2,99.0,103.0,96.3,99.9,101.2,103.8,103.1,101.5,104.8,100.5,102.7,94.8,100.2,100.9,102.7,98.3,102.6,104.0,105.7,102.6,95.0,98.0,105.4,97.7,101.8,100.1,108.4,99.5,104.5,94.8,101.3,103.9,98.6,99.0,100.9,103.9,104.1,98.8,103.1,97.8,102.0,96.7,100.4,99.6,102.8,103.1,99.6,106.5,93.1,100.3,100.7,102.0,100.2,103.4,103.4,102.4,105.9,91.3,105.2,96.9,110.1,97.7,108.9,94.3,107.3,96.9,103.1,100.9,102.3,102.7,98.1,104.3,98.3,105.6,96.3,107.4,96.3,102.7,101.4,99.2,102.8,100.2,103.5,97.8,104.6,96.1,99.4,98.9,108.2,98.5,103.4,96.8,103.2,97.9,98.9,95.6,104.8,104.4,101.4,101.5,98.7,104.5,93.4,104.3,97.1,102.8,100.4,102.9,99.6,101.8,102.7,94.3,103.6,97.3,102.3,99.7,105.8,99.4,102.1,100.1,97.2,101.1,98.6,102.4,99.8,108.7,98.8,104.5,96.3,102.3,99.4,99.6,99.5,101.7,102.5,100.0,99.8,99.0,102.7,99.8,101.1,98.8,102.6,103.9,98.0,101.3,101.8,105.0,96.9,103.7,98.7,106.2,101.3,102.6,96.2,103.7,101.8,98.1,97.4,104.4,102.8,99.4,103.9,93.9,104.5,99.6,100.8,96.4,104.3,99.0,102.6,100.5,101.0,101.5,102.9,102.1,99.5,99.3,101.9,101.8,100.4,99.3,104.1,100.9,100.8,98.3,96.5,102.1,101.3,96.2,105.7,100.5,106.1,94.4,102.0,95.0,105.9,99.5,99.8,104.8,102.6,106.1,94.7,102.2,98.0,104.2,98.9,99.6,106.0,97.0,106.7,95.3,100.3,98.5,104.5,96.2,104.2,100.5,102.1,100.0,101.5,99.4,99.6,101.7,95.0,107.4,97.9,108.1,94.0,104.7,99.4,100.4,96.4,96.2,107.0,99.5,110.1,96.3,104.3,96.2,102.1,95.5,99.8,104.3,101.9,106.2,100.9,95.3,104.4,97.0,103.5,98.4,101.7,99.9,106.0,99.8,98.4,103.0,97.5,103.1,96.1,102.6,101.1,105.0,99.7,99.2,98.9,97.9,102.3,99.3,103.1,99.8,106.4,102.0,97.7,99.6,98.8,102.5,97.1,104.7,97.2,107.7,99.4,100.6,99.3,100.2,102.2,95.0,101.9,99.1,105.1,99.8,102.7,101.6,100.0,101.8,94.9,100.5,98.8,103.3,101.2,101.8,102.1,100.1,105.5,101.1,98.1,101.7,98.4,104.3,98.2,102.8,98.6,106.3,100.1,99.8,100.7,100.7,102.2,101.4,97.3
